BrukerID,Kjonn,Alder,Jobb,Postkode
1,M,50.0,16.0,55405-2546
2,M,18.0,20.0,44089
4,M,35.0,6.0,48105
8,M,25.0,4.0,70806
9,M,25.0,19.0,45701
12,M,45.0,0.0,10543
13,M,50.0,7.0,34243
15,F,18.0,4.0,60625
16,M,25.0,17.0,03570
18,M,50.0,1.0,01096
19,M,25.0,15.0,02143
21,M,35.0,6.0,10011
22,F,45.0,12.0,23116
23,M,35.0,5.0,33317
24,M,50.0,20.0,20009
25,M,35.0,7.0,02135
26,M,18.0,4.0,02451
27,F,18.0,0.0,94587
29,M,56.0,1.0,55337-4056
30,F,25.0,9.0,77449
31,M,25.0,1.0,94720
33,M,18.0,2.0,90210
34,M,25.0,0.0,95136
36,M,18.0,0.0,19134
37,F,35.0,3.0,99504
38,M,25.0,14.0,60153
40,M,25.0,0.0,40515
41,M,35.0,17.0,45255
44,M,25.0,17.0,55447
45,M,1.0,10.0,19116
47,F,25.0,4.0,78728
48,M,25.0,17.0,20886
49,F,56.0,6.0,14612
51,M,35.0,7.0,76109
53,M,25.0,7.0,30115
56,M,25.0,7.0,11228
58,M,25.0,0.0,32112
59,F,25.0,6.0,60660
60,F,35.0,12.0,94014
61,M,35.0,7.0,61910
62,F,18.0,4.0,63146
65,M,25.0,12.0,10128
66,F,18.0,4.0,01002
68,M,35.0,17.0,93436
69,M,50.0,7.0,60510
72,M,35.0,11.0,73120
73,F,18.0,0.0,75115
74,M,25.0,0.0,02131
75,M,35.0,8.0,98674
76,M,25.0,1.0,400060
77,F,35.0,5.0,02021
78,M,45.0,0.0,92626
80,M,25.0,7.0,63366
84,M,25.0,17.0,19801
86,F,50.0,4.0,96825
88,F,50.0,7.0,94949
89,M,35.0,2.0,90292
93,M,35.0,1.0,19149
94,F,45.0,12.0,954025
95,M,35.0,2.0,98055
97,M,18.0,15.0,94606
98,M,25.0,0.0,10003
99,M,45.0,1.0,80634
100,F,25.0,19.0,60201
102,F,18.0,4.0,63332
103,M,35.0,1.0,23185
105,M,56.0,17.0,06405
107,M,25.0,0.0,10021
111,M,25.0,14.0,98103
112,M,35.0,15.0,01775
113,M,45.0,16.0,92018
114,F,18.0,4.0,14620
115,F,18.0,4.0,30010
116,M,18.0,4.0,32606
119,F,18.0,1.0,45458
120,M,25.0,2.0,43202
121,M,50.0,1.0,88001
122,M,25.0,4.0,43138
123,M,35.0,7.0,91302
124,M,50.0,16.0,92129
126,M,25.0,0.0,07040
127,M,56.0,20.0,91030
128,M,50.0,7.0,40601
129,M,25.0,1.0,19335
131,F,25.0,7.0,75093
134,M,35.0,7.0,55413
135,M,56.0,99.0,92065
136,M,25.0,17.0,43201
137,F,35.0,6.0,97838
140,M,1.0,10.0,75040
141,F,1.0,10.0,10706
142,M,25.0,16.0,21203
145,F,25.0,0.0,19063
146,M,18.0,12.0,97205
147,F,45.0,1.0,12449
148,M,18.0,17.0,99205
149,M,50.0,7.0,80004-4448
150,F,25.0,7.0,55122
152,M,18.0,10.0,11235
154,M,56.0,13.0,13407
156,F,25.0,15.0,64116
157,F,18.0,4.0,30134
158,M,18.0,4.0,43214
159,M,50.0,11.0,48823
160,F,25.0,11.0,10022
162,F,35.0,12.0,45249
165,F,35.0,19.0,75069
166,M,25.0,14.0,22205
167,F,45.0,12.0,08033
168,M,25.0,6.0,53211
174,F,18.0,4.0,95076
175,M,25.0,12.0,27707
176,M,25.0,12.0,94608
178,F,25.0,7.0,78703
179,M,18.0,4.0,78749
183,M,45.0,17.0,40515
187,M,35.0,99.0,53403
188,M,45.0,1.0,02135
189,M,45.0,7.0,02081
190,M,25.0,4.0,22903
193,F,25.0,1.0,97225
194,F,18.0,0.0,55414
196,M,35.0,11.0,98443
198,M,25.0,15.0,92557
199,F,25.0,7.0,37206
201,M,18.0,4.0,37130
202,F,35.0,7.0,33547
203,M,35.0,17.0,95476
207,F,25.0,7.0,78232
208,F,25.0,4.0,48042
209,F,18.0,4.0,90024
210,M,35.0,14.0,89119
212,M,35.0,0.0,02108
213,F,56.0,0.0,95062
215,F,25.0,1.0,98027
216,M,35.0,17.0,97124
217,M,18.0,12.0,55076
218,M,45.0,3.0,90006
219,M,18.0,4.0,60073
220,M,18.0,4.0,94704
221,M,25.0,4.0,22901
222,M,25.0,12.0,19067
223,M,1.0,19.0,15748
224,F,18.0,4.0,55455
225,M,25.0,7.0,02150
231,M,25.0,14.0,55391
232,F,56.0,3.0,30127
233,M,35.0,0.0,98368
234,M,35.0,4.0,45205
235,F,45.0,1.0,15208
236,F,18.0,4.0,48433
237,M,35.0,7.0,10001
240,M,18.0,0.0,15237
242,F,35.0,3.0,11229
244,M,25.0,4.0,27514
247,M,18.0,20.0,22203
250,M,18.0,20.0,76135
251,M,25.0,7.0,68164
252,M,18.0,4.0,43235
253,M,56.0,17.0,23464-3016
256,F,45.0,16.0,97215
258,M,25.0,17.0,27707
260,M,25.0,0.0,52556
261,F,18.0,4.0,98052
262,F,45.0,12.0,15801
263,M,35.0,13.0,62035
264,F,18.0,4.0,95616
265,M,56.0,0.0,27705
268,M,25.0,5.0,46239
270,M,35.0,14.0,78611
272,F,18.0,20.0,45220
273,M,35.0,6.0,80917
276,M,25.0,7.0,91344
279,M,18.0,17.0,06040
281,M,56.0,7.0,21773
283,M,56.0,7.0,55042
286,F,35.0,20.0,66205
287,F,18.0,3.0,95825
290,M,50.0,18.0,95472
291,M,45.0,6.0,78750
292,F,45.0,0.0,55419
293,M,50.0,20.0,98119
296,M,25.0,19.0,94607
302,M,56.0,7.0,92065
303,M,45.0,16.0,01880
304,F,35.0,7.0,55111
306,M,18.0,0.0,49506
308,F,18.0,2.0,72701
309,F,18.0,4.0,43403
310,M,25.0,14.0,70005
311,M,18.0,4.0,72212
313,M,35.0,5.0,92867
314,M,25.0,14.0,19444
315,M,35.0,0.0,97225
317,F,45.0,4.0,15232
318,F,35.0,20.0,93449
319,F,56.0,13.0,03261
320,F,25.0,15.0,55455
321,M,45.0,0.0,24541
322,M,50.0,19.0,59457
325,M,25.0,20.0,93637
326,M,35.0,0.0,34990
327,M,35.0,6.0,45011
328,M,35.0,15.0,94002
329,M,25.0,0.0,03755
330,F,25.0,15.0,15213
331,M,35.0,7.0,19610
332,M,18.0,20.0,94608
334,M,25.0,2.0,66044
335,M,35.0,14.0,48217
336,F,35.0,4.0,48103
337,F,35.0,17.0,30096
340,M,25.0,17.0,95050
341,M,25.0,2.0,32118
343,F,50.0,9.0,76034
344,F,45.0,20.0,75214
345,M,56.0,2.0,90680
347,M,35.0,20.0,78664
350,F,35.0,2.0,80012
354,M,50.0,17.0,48197
356,F,25.0,6.0,94132
357,M,25.0,4.0,02140
358,M,45.0,5.0,31901
359,M,56.0,6.0,77096
362,F,25.0,2.0,90066
363,M,25.0,17.0,92584
364,M,25.0,17.0,95035
365,F,1.0,1.0,90802
366,F,50.0,0.0,20004
369,M,35.0,17.0,20151
370,F,25.0,16.0,45750
371,M,18.0,4.0,13655
372,M,25.0,0.0,60618
373,F,25.0,2.0,55106
375,M,25.0,17.0,27408
376,F,45.0,6.0,02453
377,M,18.0,12.0,80526
378,M,35.0,1.0,98502
380,M,18.0,20.0,12222
381,F,18.0,4.0,44425
382,M,25.0,7.0,33916
383,F,56.0,0.0,38340
386,M,25.0,4.0,06511
387,M,56.0,13.0,01742
388,M,18.0,19.0,75602
389,M,25.0,7.0,10016
390,F,25.0,6.0,22923
391,M,25.0,7.0,91423
392,F,25.0,0.0,94703
394,M,18.0,4.0,94945
395,M,25.0,0.0,90069
396,M,18.0,12.0,55105
398,M,25.0,4.0,90210
400,M,18.0,12.0,02143
401,M,18.0,12.0,55109
402,M,25.0,7.0,34695
403,M,25.0,20.0,91740
405,M,25.0,4.0,53703
406,M,35.0,16.0,46214
407,M,35.0,0.0,94610
409,M,18.0,4.0,48104
411,M,25.0,14.0,33133
413,M,25.0,18.0,54915
414,M,1.0,4.0,46311
415,M,25.0,20.0,02048
416,M,18.0,12.0,10027
417,F,18.0,0.0,64030
420,M,18.0,4.0,97266
421,M,25.0,4.0,94107
423,M,18.0,4.0,78705
425,M,18.0,6.0,30064
427,M,25.0,0.0,19106
430,F,25.0,1.0,26542
431,M,25.0,12.0,21045
432,F,35.0,9.0,46077
433,F,18.0,1.0,60640
435,M,25.0,2.0,95831
436,M,25.0,17.0,60607
437,M,25.0,0.0,84119
438,F,35.0,7.0,98074
439,M,56.0,20.0,92315
442,M,25.0,14.0,74114
443,M,25.0,16.0,97209
445,M,25.0,6.0,55439
446,F,50.0,20.0,95503
448,M,25.0,4.0,70003
449,F,25.0,7.0,92122
450,M,50.0,1.0,27705
451,M,18.0,4.0,92802
452,M,35.0,20.0,92308
453,M,35.0,4.0,98125
454,M,35.0,2.0,62263-3004
455,M,50.0,0.0,66048
456,M,25.0,17.0,92882
457,M,56.0,13.0,90503
459,M,25.0,4.0,66762
460,M,35.0,15.0,33167
461,F,56.0,13.0,90732
462,F,25.0,7.0,22304
464,M,18.0,4.0,55455
465,M,56.0,13.0,92660
467,M,18.0,19.0,98126
468,F,50.0,3.0,33615
469,M,25.0,17.0,95926
470,M,18.0,4.0,22201
471,M,35.0,14.0,48328
473,F,18.0,4.0,64151
476,M,35.0,6.0,77083
477,M,35.0,7.0,22043
479,M,35.0,7.0,52003
480,M,56.0,1.0,44256
481,M,35.0,13.0,76548
482,M,18.0,4.0,52003
483,M,45.0,0.0,92108
484,F,25.0,4.0,53951
485,F,25.0,4.0,22902
487,M,25.0,12.0,17067
489,M,25.0,12.0,55124
490,M,18.0,4.0,82072
491,M,35.0,20.0,94122
493,M,25.0,14.0,07430
494,M,25.0,7.0,63303
495,M,45.0,17.0,02421
496,F,35.0,14.0,92673
497,M,18.0,6.0,05273
498,M,25.0,5.0,60466
499,M,25.0,7.0,85037
500,M,18.0,4.0,48073
503,M,18.0,7.0,02215
504,M,1.0,10.0,07960
505,M,35.0,17.0,48146
506,M,45.0,1.0,37027
507,M,1.0,0.0,77479
508,M,25.0,2.0,11106
509,M,56.0,6.0,19027
511,M,35.0,16.0,85730
512,M,18.0,17.0,22043
513,M,25.0,3.0,19806
514,M,18.0,4.0,81520
515,M,25.0,4.0,68108
516,M,25.0,17.0,19126
517,M,18.0,19.0,29307
518,M,35.0,7.0,95008
520,M,18.0,4.0,60107
521,M,18.0,17.0,32694
522,M,35.0,6.0,78746
524,M,25.0,1.0,28607
526,M,1.0,10.0,93111
528,M,18.0,18.0,55113
529,M,25.0,0.0,98503
530,M,56.0,1.0,28223
531,M,35.0,7.0,38024
532,M,25.0,17.0,55125
534,M,45.0,17.0,73069
536,F,1.0,10.0,13090
537,M,25.0,17.0,57006
538,M,45.0,17.0,91355
539,F,25.0,1.0,14607
541,M,35.0,12.0,75069
543,F,35.0,2.0,60201
545,M,56.0,15.0,79068
547,F,25.0,0.0,92870
548,M,35.0,18.0,56303
549,M,50.0,16.0,98103
552,F,45.0,0.0,94115
554,F,25.0,15.0,94901
555,M,45.0,1.0,02482
556,M,25.0,20.0,91367
557,M,35.0,14.0,94530
558,F,18.0,19.0,95019
559,M,25.0,2.0,17003
560,M,1.0,10.0,21030
561,M,35.0,5.0,04901
562,M,18.0,2.0,12345
565,F,25.0,0.0,13326
566,F,1.0,10.0,47403
568,M,35.0,17.0,95014
571,M,25.0,16.0,20007
572,M,35.0,20.0,55116
574,M,25.0,7.0,32835
575,F,45.0,7.0,60605
576,M,50.0,20.0,92106
578,F,1.0,10.0,94539
579,M,25.0,17.0,54915
580,M,25.0,15.0,94040
584,M,35.0,12.0,94402
585,M,18.0,4.0,60637
586,M,35.0,14.0,55418
588,M,25.0,0.0,55812
589,M,25.0,14.0,06405
590,M,35.0,12.0,78230
591,M,25.0,7.0,89117
592,M,35.0,7.0,40601
594,M,25.0,20.0,15701
595,M,25.0,7.0,47714
596,M,25.0,11.0,07039
597,M,25.0,17.0,28804
599,M,18.0,20.0,61801
602,M,50.0,12.0,90254
603,F,45.0,1.0,18042
604,M,35.0,0.0,63366
605,F,35.0,17.0,94306
606,M,50.0,13.0,60622
608,M,1.0,0.0,75070
610,M,50.0,6.0,11510-2001
611,M,25.0,17.0,55105
612,F,50.0,16.0,92026
613,M,45.0,12.0,94114
616,M,35.0,1.0,48103
617,M,35.0,7.0,10625
619,M,50.0,1.0,95070
620,M,25.0,5.0,55405
621,F,25.0,17.0,01453
622,M,25.0,8.0,50309
623,F,25.0,0.0,78240
625,M,25.0,12.0,90240
627,M,25.0,5.0,85281
629,M,35.0,18.0,55434
630,M,35.0,20.0,60640
631,M,35.0,11.0,95405
632,M,25.0,14.0,95820
633,F,25.0,7.0,02494
636,M,25.0,15.0,94903
637,F,18.0,4.0,19803
639,F,25.0,2.0,94577
640,M,25.0,16.0,22207
641,M,25.0,16.0,91402
642,M,35.0,7.0,19518
643,M,25.0,17.0,94063
644,M,56.0,13.0,76051
646,M,35.0,99.0,94804
647,M,25.0,15.0,90034
648,F,50.0,3.0,95451-9554
650,M,35.0,14.0,55330
651,F,1.0,10.0,495321
652,M,18.0,5.0,48185
654,M,18.0,4.0,02453
655,M,25.0,16.0,97378
658,F,18.0,1.0,94606
659,M,35.0,0.0,79606
661,M,18.0,4.0,10128
664,F,50.0,5.0,60714
665,F,25.0,14.0,78232
666,M,35.0,7.0,2020010
667,M,25.0,4.0,11423
668,M,35.0,7.0,94806
669,M,25.0,17.0,27613
673,F,25.0,7.0,03862
674,F,25.0,1.0,83705
676,F,25.0,14.0,60647
677,M,25.0,17.0,20910
678,F,56.0,0.0,92027
680,F,18.0,4.0,02138
682,M,25.0,20.0,87103
685,F,25.0,4.0,22903
686,F,25.0,5.0,10021
687,F,45.0,13.0,37922
691,M,1.0,10.0,37830
692,M,35.0,7.0,02657
694,F,1.0,0.0,90012
695,F,18.0,0.0,55102
696,M,18.0,7.0,10014
697,M,35.0,20.0,91505
698,M,25.0,20.0,90027
700,M,18.0,12.0,53188
701,F,25.0,4.0,95616
702,F,35.0,7.0,60137
703,M,25.0,8.0,22046
704,F,25.0,1.0,01060
705,M,18.0,4.0,94133
706,M,25.0,4.0,90048
707,F,25.0,0.0,04473
708,F,18.0,4.0,10033
709,M,25.0,14.0,95821
710,M,25.0,0.0,08461
711,M,35.0,20.0,60640
712,M,25.0,4.0,22901
713,M,18.0,4.0,03106
714,F,45.0,17.0,78722
715,M,56.0,13.0,30047
717,F,35.0,7.0,55021
718,M,25.0,16.0,22112
719,M,35.0,7.0,98467
720,M,18.0,4.0,44646
722,M,35.0,5.0,41144
724,F,56.0,12.0,01520
726,F,18.0,4.0,10039
728,M,50.0,0.0,91505
731,M,35.0,19.0,20871
732,M,45.0,11.0,90046
733,F,25.0,11.0,97370
736,M,25.0,17.0,22041
737,M,25.0,7.0,92123
738,F,35.0,2.0,27514
740,M,18.0,20.0,02601
741,M,25.0,2.0,33334
742,F,1.0,10.0,01915
743,M,18.0,12.0,95120
744,F,45.0,3.0,38028
745,M,35.0,7.0,02370
746,M,25.0,0.0,85024
748,F,25.0,14.0,94010
749,M,18.0,12.0,55405
750,M,25.0,15.0,10461
751,F,18.0,14.0,64060
753,M,25.0,12.0,97330
755,M,35.0,15.0,02871
756,F,25.0,20.0,90046
757,F,45.0,7.0,41722
758,M,18.0,14.0,60073
759,M,18.0,4.0,26201
760,F,25.0,7.0,10016
761,F,35.0,1.0,19348
764,M,35.0,0.0,90254
765,F,56.0,6.0,91941
766,F,56.0,16.0,90039
767,M,25.0,7.0,15209
768,F,45.0,15.0,20910
769,M,18.0,4.0,63108
770,F,35.0,20.0,78006
771,M,18.0,4.0,07030
773,F,25.0,20.0,94591
775,M,25.0,16.0,48309
776,M,50.0,17.0,32951
777,M,18.0,12.0,90250
778,M,50.0,1.0,60062
779,M,50.0,1.0,55126
780,M,18.0,4.0,68144-2410
781,M,56.0,13.0,40511
783,F,50.0,7.0,10022
784,M,25.0,17.0,33823
785,M,18.0,1.0,50201
787,M,56.0,13.0,52003
788,M,1.0,10.0,19343
791,M,18.0,4.0,28403
792,M,18.0,20.0,18104
794,M,35.0,7.0,94945
796,F,25.0,11.0,06107
797,M,35.0,15.0,80538
798,M,25.0,12.0,91104
799,M,50.0,3.0,89102
800,M,35.0,7.0,60610
802,F,25.0,0.0,87114
803,M,25.0,20.0,90024
804,M,25.0,1.0,01760
807,M,50.0,6.0,70808
808,M,25.0,12.0,60613
809,M,18.0,7.0,64055
810,M,50.0,7.0,30306
811,F,35.0,6.0,90035
812,M,25.0,12.0,55107
813,M,25.0,7.0,49221
814,M,18.0,4.0,46219
815,M,50.0,12.0,32920
816,F,45.0,1.0,19806
817,F,25.0,7.0,08902
818,M,18.0,0.0,91320
819,M,56.0,7.0,08901
821,M,18.0,4.0,60201
822,M,35.0,17.0,37221
823,F,35.0,15.0,06119
826,M,25.0,15.0,92648
827,F,35.0,16.0,98072
828,M,25.0,0.0,98153
829,M,50.0,1.0,98541
830,M,50.0,7.0,95762
831,M,25.0,11.0,92335
833,F,1.0,10.0,22801
834,M,35.0,7.0,06460
837,M,50.0,16.0,90210
839,M,25.0,2.0,33133
840,M,35.0,15.0,55416
842,M,45.0,7.0,02460
843,M,56.0,17.0,55105
844,M,18.0,10.0,02780
846,F,25.0,1.0,92646
847,F,35.0,0.0,97213
849,F,45.0,20.0,90069
851,F,18.0,4.0,78628
853,M,18.0,10.0,53207
854,F,25.0,0.0,94109
855,F,1.0,10.0,90039
856,M,18.0,0.0,92122
857,M,25.0,17.0,49423
858,M,56.0,17.0,84121
859,M,45.0,0.0,90404
860,F,1.0,10.0,98110
861,M,50.0,17.0,98642
862,M,1.0,10.0,97201
863,M,18.0,4.0,77005
864,F,25.0,99.0,11801
865,M,45.0,99.0,20880
868,M,45.0,11.0,48104
870,M,35.0,7.0,07663
873,M,25.0,12.0,55112
874,M,35.0,5.0,48342
875,M,25.0,7.0,55902
876,F,35.0,14.0,60202
877,M,25.0,3.0,94118
878,M,35.0,1.0,90024
881,M,35.0,0.0,96707-1321
882,M,25.0,7.0,55105
883,M,35.0,99.0,90803
885,M,35.0,13.0,63130
889,M,35.0,16.0,10014
890,M,18.0,0.0,55112
892,M,18.0,5.0,12582
893,M,18.0,4.0,77845
896,F,35.0,20.0,11215
897,M,25.0,4.0,60201
900,F,35.0,6.0,14905
901,F,25.0,4.0,44406
902,M,35.0,1.0,27909
903,F,35.0,20.0,75093
904,M,56.0,7.0,48114
905,M,35.0,18.0,98664
906,F,25.0,3.0,90016
907,F,25.0,7.0,48237
909,M,25.0,7.0,48326
910,F,35.0,1.0,78155
914,M,45.0,3.0,55410
915,M,25.0,7.0,98908
917,F,25.0,0.0,19001
920,F,25.0,9.0,60201
921,M,35.0,3.0,20122
922,F,50.0,2.0,97424
923,F,25.0,14.0,93428
925,F,35.0,1.0,37922
928,F,25.0,7.0,19103
931,M,35.0,14.0,10003
933,M,25.0,7.0,94025
934,M,56.0,0.0,43528
938,M,25.0,17.0,49445
939,M,25.0,0.0,10025
940,M,18.0,12.0,55123
944,F,45.0,1.0,94061
945,F,25.0,4.0,43212
947,M,50.0,7.0,18977
949,M,25.0,1.0,29205
950,F,25.0,4.0,01075
951,M,25.0,7.0,33813
953,M,18.0,4.0,02139
957,F,25.0,3.0,52001
958,M,25.0,2.0,90068
962,M,18.0,4.0,53220
963,M,25.0,4.0,55112
966,M,35.0,14.0,48187
968,F,25.0,17.0,92121
969,M,25.0,12.0,36115
970,M,18.0,4.0,92122
972,M,18.0,4.0,80302
975,M,35.0,17.0,92688
977,M,25.0,14.0,48360
978,F,35.0,0.0,94117
979,M,25.0,0.0,48162
980,M,50.0,99.0,55113
981,M,18.0,4.0,02912
982,M,45.0,2.0,55409
985,F,35.0,1.0,92801
987,F,25.0,2.0,90036
990,M,50.0,14.0,50265-2850
991,M,25.0,3.0,55455
992,M,50.0,16.0,13045
993,F,45.0,1.0,03768
994,M,25.0,4.0,27514
995,M,56.0,17.0,94931
996,M,18.0,4.0,53190
997,M,18.0,4.0,73071
998,M,25.0,7.0,22903
999,M,56.0,20.0,94708
1002,M,18.0,4.0,54481
1003,M,25.0,20.0,14895
1004,M,50.0,17.0,14568
1007,F,18.0,20.0,55104
1010,M,45.0,17.0,37923
1012,M,56.0,13.0,02115
1013,M,50.0,7.0,94404
1014,M,35.0,12.0,98103
1016,M,18.0,0.0,46250
1017,M,18.0,12.0,19403
1018,F,18.0,4.0,94121
1019,M,25.0,20.0,55391
1020,M,18.0,16.0,94110
1021,M,25.0,99.0,03051
1022,M,45.0,15.0,92028
1023,M,18.0,15.0,87111
1024,F,25.0,14.0,46220
1026,M,25.0,0.0,46227
1027,F,50.0,8.0,84770
1029,M,56.0,16.0,13031
1033,M,50.0,13.0,78232
1034,M,25.0,5.0,32839
1035,F,35.0,6.0,55128
1036,F,18.0,7.0,80503
1037,M,35.0,17.0,48323
1042,F,18.0,3.0,55422
1043,M,35.0,12.0,94520
1046,F,45.0,1.0,12538
1051,F,25.0,3.0,22042
1052,M,45.0,7.0,64138
1053,F,35.0,1.0,84108
1054,M,25.0,7.0,35244
1055,M,35.0,0.0,12831
1056,M,35.0,7.0,60188
1057,M,50.0,17.0,49506
1058,M,35.0,7.0,06680
1059,M,18.0,4.0,02906
1060,F,35.0,20.0,20036
1061,F,25.0,0.0,02176
1062,M,35.0,17.0,94303
1064,F,18.0,4.0,55406
1065,F,25.0,1.0,75149
1067,F,18.0,0.0,91030
1070,M,35.0,7.0,94506
1071,M,25.0,17.0,77449
1072,F,25.0,1.0,45056
1075,M,25.0,16.0,53406
1076,M,25.0,14.0,97219
1077,F,56.0,13.0,13057
1078,M,35.0,17.0,90026
1079,M,45.0,1.0,16801
1080,M,35.0,5.0,96707-1321
1081,F,45.0,20.0,89134
1083,M,35.0,1.0,48912
1085,F,35.0,16.0,95003
1086,F,25.0,9.0,48103
1087,M,35.0,16.0,99352
1088,M,25.0,0.0,47401
1089,M,18.0,16.0,97405
1091,M,18.0,2.0,92109
1092,M,18.0,99.0,27705
1093,F,35.0,9.0,85255
1095,F,25.0,99.0,55071
1097,M,35.0,7.0,21013
1100,M,35.0,12.0,92507
1101,M,18.0,12.0,55408
1104,M,35.0,14.0,60626
1105,M,35.0,3.0,48107
1107,F,25.0,2.0,68502
1108,M,35.0,7.0,10019
1111,F,35.0,20.0,09824
1113,F,25.0,7.0,22209
1114,M,18.0,17.0,12054
1122,M,18.0,4.0,06520
1125,M,25.0,7.0,19003
1126,F,35.0,0.0,92704
1127,M,18.0,18.0,13045
1128,M,56.0,1.0,49042
1130,M,25.0,16.0,60614
1134,M,25.0,1.0,08904
1135,M,18.0,4.0,61801
1136,F,25.0,0.0,10021
1137,F,35.0,9.0,02879
1141,F,56.0,13.0,95320
1142,M,25.0,6.0,46835
1143,F,50.0,3.0,33611
1144,M,25.0,6.0,19428
1145,M,18.0,10.0,45904
1146,M,25.0,14.0,97202
1149,M,18.0,12.0,91423
1150,M,35.0,15.0,36109
1151,M,25.0,20.0,02062
1155,M,25.0,15.0,46805
1156,M,25.0,7.0,33324
1157,M,35.0,1.0,95380
1158,M,25.0,0.0,44512
1159,M,25.0,0.0,20878
1160,M,35.0,7.0,50265
1161,M,1.0,10.0,71106
1163,M,25.0,5.0,55126
1164,M,25.0,4.0,94703
1166,F,56.0,0.0,98801
1167,F,18.0,4.0,14850
1168,M,25.0,6.0,79401
1169,M,18.0,11.0,10028
1170,M,25.0,18.0,57706
1172,M,25.0,12.0,97370
1173,M,50.0,7.0,34285
1174,M,45.0,2.0,98011
1175,M,18.0,4.0,53142
1177,M,35.0,16.0,95405
1179,F,25.0,6.0,15202
1180,M,35.0,17.0,49015
1181,M,25.0,0.0,94086
1183,M,18.0,4.0,45750
1184,M,18.0,0.0,32219
1185,F,1.0,10.0,08820
1186,M,35.0,14.0,06880
1187,M,18.0,16.0,42141
1188,M,1.0,13.0,37130
1189,M,35.0,11.0,08003
1191,M,18.0,19.0,22030
1192,M,18.0,4.0,55455
1193,M,25.0,1.0,19103
1194,M,25.0,15.0,68516
1195,M,18.0,4.0,33720
1196,M,35.0,0.0,55379
1197,F,25.0,1.0,48316
1198,M,18.0,12.0,18052
1200,F,18.0,12.0,84107
1205,M,18.0,3.0,48604
1206,M,18.0,19.0,94703
1208,F,45.0,20.0,10033
1210,M,35.0,17.0,26505
1213,M,18.0,4.0,11710-1641
1214,F,35.0,4.0,26505
1215,M,25.0,7.0,54942
1216,M,1.0,10.0,75082
1218,F,25.0,2.0,63119
1219,M,25.0,7.0,90212
1220,M,18.0,12.0,12047
1222,M,35.0,7.0,06905
1223,M,18.0,14.0,60194
1224,F,25.0,20.0,91105
1227,M,18.0,4.0,73071
1229,M,35.0,17.0,03820
1230,M,56.0,13.0,37938
1231,F,25.0,0.0,94115
1232,M,45.0,12.0,37853
1233,M,50.0,7.0,95376
1236,M,25.0,10.0,55414
1240,M,25.0,12.0,60025
1242,M,25.0,3.0,66205
1244,M,25.0,7.0,79416
1247,M,18.0,0.0,94530
1248,M,25.0,0.0,95819
1249,M,18.0,4.0,98105
1250,M,35.0,7.0,95765
1251,M,25.0,12.0,01864
1254,F,18.0,14.0,94110
1255,M,45.0,18.0,14701
1258,M,35.0,7.0,62234
1259,M,1.0,0.0,75244
1261,F,25.0,7.0,19806
1262,F,35.0,3.0,66210
1263,F,45.0,17.0,27616
1265,M,18.0,5.0,41018
1267,M,56.0,16.0,97478
1268,M,18.0,4.0,77005
1269,M,56.0,7.0,10023
1270,M,18.0,1.0,10977
1272,M,35.0,18.0,85275
1273,F,25.0,2.0,91351
1274,M,50.0,12.0,87505
1275,M,25.0,20.0,95380
1277,M,35.0,7.0,20895
1281,M,18.0,1.0,55408
1282,M,25.0,7.0,94114
1284,M,1.0,8.0,02254
1287,M,18.0,4.0,97333
1288,M,25.0,0.0,64106
1289,M,35.0,1.0,10012
1290,F,25.0,0.0,97205
1291,M,25.0,1.0,92101
1292,M,25.0,14.0,60614
1294,M,18.0,10.0,55303
1296,M,35.0,0.0,30741
1297,M,35.0,0.0,55405
1299,M,45.0,7.0,37343
1301,F,25.0,2.0,43617
1302,F,18.0,4.0,68154
1303,M,1.0,10.0,07869
1304,F,35.0,5.0,44313
1305,M,18.0,4.0,30305
1308,M,18.0,4.0,90024
1309,F,25.0,0.0,24017
1311,F,18.0,4.0,02142
1312,M,25.0,14.0,27605
1314,F,18.0,4.0,49525
1315,M,18.0,10.0,48439
1316,F,45.0,1.0,43202
1318,M,35.0,5.0,08406
1324,M,25.0,0.0,06451
1325,M,35.0,7.0,85331
1329,M,56.0,17.0,80538
1330,M,35.0,6.0,95370
1331,M,25.0,12.0,55406
1332,F,50.0,7.0,94941
1334,M,35.0,5.0,95008
1335,M,25.0,7.0,49686
1336,M,25.0,2.0,55125
1337,F,25.0,7.0,60618
1338,M,25.0,6.0,23235
1339,M,35.0,7.0,27511
1340,M,56.0,13.0,63122
1342,M,18.0,4.0,94704
1344,F,56.0,13.0,92407
1346,M,18.0,0.0,77341
1348,M,56.0,17.0,22657
1349,M,50.0,7.0,60618
1350,F,18.0,4.0,94702
1351,F,18.0,4.0,91706
1353,M,50.0,0.0,94025
1354,M,35.0,11.0,40242
1355,F,35.0,0.0,04255
1356,M,45.0,0.0,23462
1359,M,35.0,7.0,55124
1360,M,25.0,4.0,70115
1362,M,45.0,16.0,98107-2117
1363,M,25.0,12.0,45241
1366,M,56.0,5.0,06082
1367,M,25.0,12.0,94115
1368,M,18.0,4.0,80521
1370,M,35.0,2.0,55410
1371,F,50.0,13.0,94702
1372,F,45.0,12.0,85283
1374,M,25.0,20.0,75006
1376,F,25.0,6.0,33076
1378,M,18.0,2.0,08820
1379,M,18.0,20.0,30605
1380,M,25.0,7.0,94041
1381,M,1.0,10.0,55427
1383,M,45.0,16.0,22652
1384,F,18.0,4.0,92612
1385,F,45.0,6.0,42406
1386,M,35.0,18.0,55448
1387,M,25.0,4.0,22903
1389,M,1.0,10.0,60148
1390,F,25.0,12.0,94530
1392,M,25.0,17.0,91107
1393,F,25.0,4.0,48219
1394,M,25.0,4.0,57006
1395,M,35.0,0.0,08330
1396,M,25.0,1.0,14982
1398,M,25.0,2.0,55103
1399,M,50.0,14.0,44614
1400,M,35.0,12.0,01944
1401,M,25.0,7.0,01850
1402,F,45.0,1.0,85259
1404,F,45.0,2.0,14850
1408,F,45.0,7.0,80304
1410,M,56.0,1.0,49006
1411,M,18.0,17.0,90064
1412,M,35.0,1.0,22903
1413,M,50.0,11.0,33881
1414,M,56.0,1.0,49327
1416,M,50.0,1.0,48371
1417,M,25.0,0.0,06880
1419,M,25.0,1.0,97206
1421,F,18.0,4.0,72227
1425,M,25.0,0.0,60611
1426,M,35.0,2.0,92115
1428,M,50.0,7.0,13203
1431,M,56.0,7.0,08540
1433,M,25.0,7.0,55125
1434,M,25.0,20.0,02152
1435,M,35.0,12.0,95952
1438,M,50.0,1.0,45840
1439,M,25.0,7.0,85040
1440,F,18.0,6.0,92145
1442,F,25.0,12.0,94131
1445,M,35.0,17.0,10025
1446,M,45.0,15.0,92880
1447,M,35.0,7.0,01940
1448,M,1.0,0.0,97222
1449,M,45.0,18.0,26101
1450,M,25.0,6.0,92014
1452,M,25.0,4.0,33314
1453,M,18.0,4.0,89015
1455,M,25.0,15.0,62558
1456,F,25.0,6.0,97116
1457,M,25.0,7.0,23112
1458,F,25.0,20.0,24015
1459,F,35.0,1.0,23062
1460,F,35.0,1.0,98126
1461,F,1.0,0.0,90210
1462,M,25.0,12.0,46725
1463,M,25.0,12.0,56301
1466,M,35.0,17.0,23451
1469,M,18.0,12.0,10021
1470,M,1.0,10.0,60613
1472,M,18.0,17.0,47901
1473,M,25.0,0.0,99163
1475,M,1.0,10.0,90405
1476,F,35.0,6.0,48073
1477,M,50.0,17.0,16801
1478,M,25.0,0.0,60622
1480,M,35.0,12.0,03062
1481,M,1.0,10.0,55305
1482,M,25.0,3.0,96813
1483,M,25.0,7.0,78757
1484,M,25.0,6.0,11598
1486,M,18.0,4.0,61820
1487,F,18.0,4.0,44106
1490,M,56.0,6.0,74105
1491,M,35.0,4.0,10036
1492,M,35.0,17.0,03824
1493,F,25.0,0.0,85207
1494,F,35.0,0.0,90004
1495,M,25.0,17.0,28262
1496,M,18.0,11.0,60614
1497,F,25.0,20.0,46835
1498,M,35.0,12.0,49508
1499,F,25.0,0.0,28304
1500,M,35.0,17.0,95610
1501,F,25.0,4.0,73160
1503,F,35.0,20.0,98119
1504,F,25.0,15.0,91360
1505,M,50.0,13.0,90210
1506,M,25.0,12.0,94114
1507,M,18.0,10.0,33024
1509,M,56.0,13.0,32806
1512,F,25.0,7.0,07067
1514,F,1.0,10.0,49512
1515,M,18.0,3.0,55107
1516,M,56.0,16.0,77079
1518,M,18.0,17.0,98121
1520,M,35.0,17.0,60103
1521,M,1.0,10.0,90004
1522,F,35.0,5.0,49424
1524,M,25.0,4.0,22030
1525,F,56.0,13.0,01234
1526,M,18.0,4.0,98225
1527,F,18.0,20.0,45202
1528,M,35.0,0.0,44280
1532,M,25.0,17.0,94117
1535,M,1.0,17.0,97062
1536,M,35.0,17.0,55030
1537,M,35.0,14.0,55415
1539,M,25.0,16.0,80013
1540,M,35.0,17.0,11701
1541,M,25.0,0.0,98178
1542,M,45.0,2.0,90813
1544,M,25.0,7.0,94301
1545,F,45.0,1.0,33301
1546,F,18.0,20.0,60123
1548,M,45.0,16.0,94546
1549,M,35.0,17.0,30701
1551,M,25.0,14.0,95008
1553,M,25.0,99.0,81679
1554,M,18.0,4.0,76266
1555,M,45.0,16.0,48097
1556,M,18.0,1.0,67212
1558,M,18.0,0.0,94520
1562,M,25.0,14.0,02460
1564,F,25.0,20.0,50111
1567,F,35.0,20.0,94118
1569,M,25.0,15.0,60513
1570,M,18.0,12.0,73112
1571,M,45.0,12.0,55001
1572,F,25.0,4.0,95616
1576,M,45.0,2.0,94102
1577,M,25.0,1.0,10003
1579,F,25.0,2.0,94133
1582,M,35.0,14.0,33701
1583,M,45.0,6.0,02339
1584,M,35.0,1.0,55430
1585,M,25.0,18.0,53572
1587,F,25.0,20.0,93401
1588,F,45.0,12.0,92037
1590,M,35.0,99.0,80401
1591,M,25.0,1.0,20912
1592,M,25.0,19.0,11414-2520
1593,M,25.0,3.0,64068
1595,M,25.0,11.0,20008
1596,M,18.0,4.0,40205
1597,M,25.0,7.0,94123
1599,F,25.0,9.0,32712
1600,F,35.0,16.0,80304
1603,M,56.0,7.0,12345
1604,M,35.0,4.0,53818
1607,M,25.0,12.0,27514
1608,F,45.0,2.0,37923
1610,M,35.0,17.0,77536
1611,F,25.0,14.0,94301
1614,M,25.0,14.0,28715
1615,M,45.0,7.0,49345
1617,M,25.0,7.0,76904
1619,M,35.0,3.0,93611
1621,M,25.0,1.0,92103
1622,M,45.0,7.0,92104
1623,M,45.0,15.0,63119
1624,F,25.0,14.0,60657
1625,F,25.0,2.0,94040
1627,M,45.0,13.0,30030
1630,M,56.0,1.0,04240
1632,F,45.0,6.0,78758
1634,F,25.0,0.0,60640
1635,M,25.0,4.0,30349
1636,F,18.0,19.0,60641
1637,F,45.0,20.0,04046
1638,M,18.0,12.0,90045
1639,F,35.0,7.0,66204
1640,M,18.0,12.0,98105
1641,M,25.0,16.0,10003
1642,M,25.0,7.0,85226
1644,M,25.0,7.0,97303
1645,M,25.0,20.0,02139
1646,F,25.0,12.0,55438
1647,M,25.0,0.0,74136
1648,F,25.0,3.0,07960
1649,M,18.0,4.0,45403
1650,F,25.0,7.0,75240
1651,M,25.0,2.0,98074
1652,M,35.0,1.0,92120
1653,F,56.0,1.0,14706
1654,M,18.0,4.0,55427
1656,M,25.0,3.0,77006
1658,M,35.0,12.0,61614
1659,M,25.0,1.0,55403
1661,M,25.0,0.0,44691
1667,M,18.0,4.0,85719
1669,M,18.0,20.0,43611
1670,M,25.0,99.0,08826
1671,F,35.0,7.0,07039
1672,M,18.0,4.0,10461-1301
1673,F,50.0,12.0,21133
1674,M,35.0,0.0,29063
1675,M,35.0,7.0,19406
1676,M,18.0,4.0,94703
1677,M,56.0,1.0,53705
1678,F,35.0,3.0,01545
1681,M,18.0,19.0,94111
1682,M,35.0,7.0,19004
1685,M,35.0,11.0,38135
1686,M,25.0,18.0,58270
1687,M,50.0,16.0,91360
1688,M,25.0,4.0,98115
1691,M,50.0,7.0,92886
1692,F,45.0,7.0,99701
1695,M,25.0,15.0,94303
1697,F,25.0,4.0,48823
1701,M,25.0,0.0,43213
1704,M,25.0,7.0,20170
1705,M,25.0,12.0,94086
1706,M,35.0,7.0,48103-8929
1707,M,1.0,10.0,02446
1708,M,18.0,4.0,64920
1711,M,25.0,12.0,91106
1712,M,25.0,4.0,91911
1715,M,18.0,4.0,10003
1718,M,18.0,4.0,55105
1719,M,18.0,17.0,02118
1720,F,50.0,1.0,98499
1721,M,25.0,15.0,94550
1723,M,56.0,13.0,14215
1725,M,18.0,18.0,60435
1726,M,18.0,17.0,33186
1727,M,56.0,7.0,49423
1728,M,18.0,4.0,92833
1730,M,18.0,17.0,44406
1731,F,35.0,1.0,14619
1732,M,25.0,4.0,14623
1733,M,18.0,12.0,98105
1734,M,25.0,0.0,43223
1735,M,45.0,17.0,89108
1736,F,18.0,0.0,20009
1737,M,18.0,0.0,98765
1738,M,18.0,2.0,31401
1739,M,25.0,12.0,28227
1741,M,35.0,16.0,11229
1742,M,35.0,12.0,55803
1746,M,25.0,0.0,90293
1747,M,25.0,12.0,20009
1748,M,45.0,0.0,98201
1749,F,45.0,6.0,92117
1750,M,25.0,17.0,92122
1752,M,35.0,17.0,12159
1753,M,45.0,14.0,85251
1755,M,45.0,11.0,49265
1758,F,45.0,2.0,19033
1759,M,50.0,13.0,41076
1760,M,35.0,17.0,62034
1764,M,25.0,17.0,22302
1765,F,56.0,1.0,06437
1766,F,35.0,11.0,79101
1769,M,45.0,17.0,80907
1770,F,25.0,7.0,92108
1774,M,45.0,0.0,42420
1778,M,25.0,2.0,07026
1779,M,25.0,1.0,57106
1780,M,50.0,17.0,07728
1782,M,25.0,14.0,46268
1784,M,50.0,7.0,44313
1785,M,56.0,15.0,92119
1786,M,25.0,7.0,50310
1788,M,25.0,12.0,92024
1791,M,1.0,10.0,46324
1792,M,35.0,0.0,80027
1795,M,25.0,7.0,94117
1796,M,50.0,1.0,46077
1798,M,18.0,1.0,02446
1799,M,45.0,7.0,01905
1800,M,1.0,10.0,60565
1801,M,25.0,0.0,22306
1803,M,25.0,14.0,60061
1804,M,50.0,0.0,10573
1805,M,56.0,1.0,90024
1806,M,18.0,1.0,43623
1808,F,25.0,5.0,43229
1809,F,45.0,15.0,55446
1810,M,50.0,18.0,60516
1811,F,25.0,0.0,37203
1814,M,56.0,7.0,48114
1816,M,35.0,17.0,94114
1817,M,18.0,7.0,20037
1818,M,56.0,7.0,30097
1819,F,18.0,20.0,49321
1820,M,1.0,2.0,04101
1821,M,25.0,17.0,38111
1822,M,25.0,12.0,27513
1823,F,25.0,7.0,92120
1824,M,18.0,4.0,55455
1825,M,25.0,5.0,55447
1827,F,18.0,4.0,43402
1829,M,35.0,7.0,46825
1830,M,25.0,17.0,95825
1831,M,50.0,16.0,98516
1832,M,25.0,0.0,53213
1833,M,35.0,0.0,90049
1835,M,18.0,0.0,75149
1836,M,25.0,14.0,55438
1837,M,18.0,4.0,94507
1838,F,50.0,16.0,98257
1839,M,18.0,4.0,32607
1840,M,45.0,0.0,97214
1842,F,25.0,14.0,05345
1844,M,35.0,99.0,20795
1845,M,1.0,10.0,08035
1846,F,35.0,16.0,45238
1847,M,56.0,16.0,60610
1848,F,45.0,0.0,98103
1849,M,25.0,15.0,08876
1850,M,50.0,13.0,02125
1852,M,35.0,17.0,64153
1854,M,35.0,0.0,91006
1855,M,25.0,20.0,48009
1860,M,18.0,0.0,76543
1861,M,25.0,12.0,60515
1862,F,25.0,3.0,41030
1866,F,56.0,13.0,97113
1869,M,18.0,16.0,55416
1871,M,45.0,1.0,37209
1872,M,45.0,1.0,53045
1873,M,18.0,10.0,64050
1876,M,18.0,99.0,75080
1878,M,45.0,0.0,68144
1879,F,50.0,14.0,37922
1880,M,45.0,17.0,60185
1881,M,18.0,4.0,06430
1882,F,1.0,10.0,22932
1885,F,25.0,9.0,98632
1886,M,25.0,17.0,94107
1890,F,50.0,16.0,07462
1891,M,45.0,7.0,20879
1892,M,25.0,16.0,98208
1894,M,25.0,4.0,94102
1895,M,45.0,11.0,90028
1896,M,25.0,14.0,98109
1897,F,50.0,1.0,78681
1898,F,18.0,3.0,22305
1899,F,25.0,0.0,90212
1901,M,45.0,7.0,92503
1903,M,45.0,7.0,03840
1904,M,25.0,16.0,30269
1905,M,18.0,4.0,02026
1906,F,56.0,13.0,60076
1907,F,50.0,1.0,14850
1908,M,25.0,15.0,94102
1910,F,18.0,20.0,55410
1911,M,35.0,16.0,10803
1913,M,50.0,7.0,30066
1915,M,1.0,10.0,48655
1916,M,35.0,5.0,92801
1917,F,25.0,0.0,07701
1918,M,35.0,7.0,07040
1919,M,56.0,7.0,13212
1920,M,25.0,7.0,75089
1921,F,25.0,9.0,80538
1922,M,18.0,20.0,02446
1925,F,45.0,6.0,37766
1927,F,25.0,14.0,60657
1928,F,56.0,6.0,08753
1934,M,35.0,14.0,55129
1936,M,35.0,0.0,90026
1938,M,1.0,10.0,07652
1939,M,45.0,0.0,94114
1940,M,35.0,17.0,28208
1941,F,50.0,7.0,90291
1943,M,45.0,20.0,87505
1944,M,45.0,13.0,89109
1946,M,25.0,5.0,92105
1947,M,25.0,0.0,45458
1948,M,25.0,14.0,55435
1949,F,25.0,7.0,94303
1951,M,1.0,19.0,73505
1952,M,35.0,5.0,19119
1953,F,18.0,3.0,33314
1954,F,18.0,10.0,27606
1955,M,18.0,4.0,97470
1956,F,50.0,20.0,50010
1957,M,25.0,17.0,01002
1958,M,25.0,11.0,55427
1959,F,50.0,18.0,20706
1960,F,56.0,3.0,48130
1964,M,25.0,20.0,111225
1967,M,25.0,7.0,02135
1968,M,45.0,14.0,55416
1969,F,50.0,1.0,75087
1970,M,35.0,0.0,32506
1971,F,50.0,0.0,10016
1972,M,25.0,12.0,60025
1973,F,1.0,19.0,14850
1974,M,25.0,7.0,20006
1975,M,35.0,0.0,60187
1976,M,25.0,4.0,77025
1977,M,25.0,12.0,30316
1978,F,18.0,4.0,02143
1979,M,25.0,12.0,94114
1980,F,18.0,4.0,94122
1983,F,35.0,3.0,71111
1984,M,25.0,3.0,85013
1985,M,1.0,10.0,97801
1986,M,25.0,17.0,99709
1987,F,50.0,7.0,65712
1988,M,45.0,0.0,06804
1989,M,35.0,1.0,95003
1990,F,45.0,1.0,55407
1993,M,35.0,12.0,94025
1994,M,18.0,16.0,29404-2205
1995,M,18.0,4.0,01609
1996,M,25.0,20.0,55092
1997,M,56.0,13.0,01501
1998,M,18.0,12.0,55113
1999,F,50.0,7.0,13027
2000,M,45.0,14.0,55123
2001,M,25.0,17.0,67443
2002,M,18.0,4.0,07461
2003,F,25.0,99.0,11753
2004,F,25.0,0.0,92646
2005,M,56.0,13.0,34235
2007,M,18.0,14.0,25301
2008,F,25.0,20.0,32301
2010,M,18.0,0.0,57106
2013,M,1.0,10.0,60202
2014,M,18.0,0.0,73505
2015,F,35.0,17.0,90291
2019,M,25.0,12.0,78731
2020,M,35.0,0.0,13045
2021,F,35.0,17.0,98036
2022,M,35.0,1.0,42718
2023,M,25.0,1.0,35401
2026,M,56.0,12.0,43056
2027,M,18.0,4.0,19146
2028,M,1.0,10.0,03608
2029,M,25.0,3.0,60660
2030,M,50.0,16.0,80442
2031,M,25.0,17.0,61350
2032,M,25.0,12.0,94112
2033,M,25.0,0.0,84108
2034,M,50.0,17.0,07650
2036,M,56.0,1.0,13077
2037,F,25.0,4.0,53951
2038,M,35.0,7.0,91107
2039,M,18.0,4.0,48867
2041,M,45.0,14.0,12561
2042,M,25.0,4.0,97214
2043,M,1.0,10.0,08872
2044,M,35.0,12.0,95833
2045,M,18.0,4.0,64154
2048,M,50.0,1.0,20815
2049,F,35.0,6.0,44303
2050,M,35.0,14.0,01746
2053,F,18.0,1.0,33143
2055,M,25.0,0.0,19010
2056,M,35.0,12.0,55082
2057,M,35.0,5.0,64801
2061,F,25.0,1.0,79928
2064,M,35.0,0.0,66204
2066,F,18.0,4.0,22031
2068,F,25.0,4.0,91740
2070,M,35.0,7.0,90808
2072,F,45.0,2.0,31804
2074,M,50.0,17.0,16803
2075,M,50.0,11.0,07043
2077,M,56.0,16.0,03070
2078,M,25.0,17.0,95405
2079,M,50.0,17.0,96753
2081,M,18.0,17.0,92109
2082,M,56.0,1.0,85374
2085,M,25.0,5.0,43221
2086,F,35.0,6.0,54971
2087,F,18.0,16.0,80260
2088,M,25.0,17.0,99003
2090,F,18.0,4.0,02215
2091,M,45.0,1.0,24523
2092,M,1.0,0.0,02322
2093,M,56.0,1.0,03825
2094,M,25.0,0.0,95903
2095,M,25.0,1.0,45230
2096,M,25.0,7.0,33308
2098,F,25.0,0.0,19143
2100,M,25.0,0.0,61364
2104,M,25.0,6.0,92130
2105,M,25.0,1.0,43214
2106,M,25.0,20.0,75801
2107,M,25.0,20.0,78746
2108,M,18.0,11.0,89170
2109,M,56.0,13.0,29449
2110,M,25.0,17.0,14830
2112,M,18.0,2.0,60614
2115,M,45.0,99.0,20851
2119,M,18.0,4.0,80521
2120,M,25.0,4.0,55369
2122,M,18.0,4.0,44056
2123,M,25.0,7.0,40515
2124,M,56.0,99.0,32940
2125,F,45.0,2.0,27514
2128,M,25.0,7.0,11215
2129,M,50.0,16.0,12866
2130,F,1.0,10.0,90291
2131,M,25.0,0.0,66212
2132,F,35.0,14.0,55346
2133,M,18.0,4.0,70002
2134,M,45.0,0.0,14468
2136,F,18.0,4.0,06074
2137,M,45.0,16.0,75067
2139,M,25.0,4.0,90039
2140,F,50.0,6.0,97330
2144,M,35.0,7.0,30324
2146,M,18.0,12.0,53713
2147,F,35.0,12.0,72032
2148,F,45.0,0.0,94566
2149,M,25.0,20.0,98101
2152,M,35.0,7.0,55901
2155,F,25.0,11.0,55409
2156,F,1.0,10.0,79605
2157,F,25.0,2.0,85719
2158,M,56.0,0.0,61704
2159,M,35.0,17.0,90035
2160,M,35.0,17.0,60477
2161,F,25.0,0.0,83355
2162,M,18.0,1.0,53703
2163,M,50.0,16.0,10023
2170,M,25.0,0.0,27403
2171,M,35.0,14.0,92025
2173,M,25.0,0.0,17821
2174,M,25.0,0.0,02472
2176,F,35.0,1.0,14618
2177,M,25.0,11.0,55555
2179,M,45.0,16.0,33334
2180,M,25.0,15.0,98103
2182,F,25.0,2.0,92629
2184,M,56.0,13.0,37923
2186,M,56.0,7.0,75041
2188,F,35.0,1.0,02346
2189,F,25.0,1.0,30605
2191,M,35.0,12.0,55122
2193,M,25.0,11.0,02143
2194,M,50.0,2.0,97210
2196,M,50.0,20.0,10543
2197,M,35.0,17.0,30303
2199,M,25.0,4.0,02457
2200,M,25.0,7.0,10019
2201,M,1.0,0.0,95451
2202,M,25.0,17.0,90245
2203,F,18.0,4.0,48135
2206,M,25.0,7.0,55441
2208,M,1.0,0.0,92804
2210,M,35.0,17.0,55934
2211,F,18.0,0.0,81301
2212,M,25.0,20.0,72701
2213,M,18.0,4.0,11364
2215,M,25.0,11.0,48825
2217,M,1.0,19.0,48323
2218,M,45.0,16.0,60302
2220,M,18.0,4.0,52241
2221,M,25.0,17.0,97401
2222,F,25.0,1.0,32607
2223,M,25.0,12.0,94520
2224,M,45.0,16.0,55306
2225,M,35.0,0.0,04473
2226,M,35.0,3.0,97202
2227,M,25.0,14.0,10009
2231,F,35.0,2.0,97401
2232,M,45.0,6.0,44131
2233,M,25.0,4.0,01604
2234,M,56.0,14.0,02468
2235,F,25.0,7.0,27514
2236,M,18.0,4.0,02871
2238,F,35.0,9.0,48302
2239,M,18.0,0.0,55129
2241,M,25.0,5.0,55057
2242,F,35.0,14.0,95051
2244,M,1.0,0.0,48133
2245,M,50.0,12.0,44286
2246,M,56.0,1.0,23608
2247,M,45.0,14.0,95002
2249,M,18.0,4.0,10027
2250,M,18.0,8.0,90210
2252,M,25.0,2.0,92711-0571
2253,M,45.0,6.0,23452
2254,M,25.0,7.0,21030
2255,M,18.0,4.0,01040
2256,M,25.0,7.0,55411
2260,M,18.0,4.0,55455
2261,F,25.0,4.0,63119
2262,M,50.0,16.0,60060
2263,M,35.0,2.0,78766
2265,M,18.0,4.0,48197
2266,F,18.0,1.0,02144
2267,M,18.0,19.0,27028
2268,M,18.0,4.0,85282
2270,M,18.0,4.0,76401
2272,M,50.0,11.0,92346
2273,M,56.0,0.0,78232
2277,M,18.0,4.0,96815
2278,F,25.0,1.0,04093
2281,M,45.0,17.0,94002
2282,F,1.0,10.0,02131
2283,F,56.0,6.0,45504
2284,F,50.0,0.0,46970
2285,M,25.0,6.0,77584
2286,M,35.0,2.0,20818
2287,M,25.0,15.0,06510
2288,M,45.0,0.0,90024
2292,M,50.0,0.0,43231
2294,M,56.0,6.0,37922
2295,F,18.0,4.0,94611
2297,M,35.0,7.0,44125
2298,F,25.0,1.0,37153
2299,M,35.0,14.0,92084
2300,M,1.0,10.0,12159
2301,M,50.0,7.0,95008
2306,F,25.0,2.0,75075
2307,M,35.0,15.0,92649
2308,M,18.0,4.0,10010
2310,M,25.0,17.0,83713
2311,M,18.0,4.0,12180
2314,F,25.0,2.0,55421
2315,M,35.0,12.0,37211
2316,M,35.0,2.0,03431
2317,M,35.0,6.0,92672
2318,F,18.0,4.0,48858
2319,M,25.0,0.0,10009
2323,M,25.0,1.0,95472
2324,M,35.0,15.0,91411
2326,F,45.0,0.0,11372
2327,M,25.0,20.0,91730
2329,F,45.0,0.0,19130
2331,M,35.0,17.0,78749
2333,M,25.0,12.0,63043
2334,F,56.0,3.0,52003
2336,M,50.0,11.0,66048
2338,M,45.0,6.0,65201
2340,F,56.0,16.0,98199
2341,F,25.0,7.0,33177
2342,M,45.0,6.0,66203
2343,F,35.0,0.0,44313
2344,M,50.0,16.0,77079
2345,M,18.0,0.0,55013
2346,M,25.0,7.0,94043
2347,F,45.0,0.0,08901
2348,M,35.0,0.0,15801
2349,M,18.0,17.0,60193
2350,M,18.0,4.0,77802
2351,M,25.0,17.0,77521
2352,M,18.0,12.0,55401
2353,F,35.0,12.0,91104
2355,F,25.0,4.0,92354
2356,F,35.0,9.0,02816
2357,M,35.0,2.0,48116
2358,M,25.0,17.0,90210
2359,M,56.0,12.0,94109
2360,M,25.0,0.0,60647
2361,M,18.0,12.0,97402
2362,F,50.0,3.0,34744
2363,M,25.0,0.0,98040
2364,M,56.0,20.0,55101
2366,M,25.0,18.0,80903
2367,F,25.0,3.0,12866
2369,M,35.0,3.0,77064
2372,M,18.0,4.0,97215
2374,M,25.0,12.0,22903
2376,F,35.0,7.0,30350
2377,M,35.0,1.0,49417
2379,M,18.0,4.0,94704
2381,M,25.0,12.0,32793
2382,M,25.0,7.0,32836
2384,M,25.0,7.0,10019
2385,M,35.0,2.0,19123
2387,M,18.0,4.0,11209
2389,F,25.0,0.0,90802
2390,M,25.0,0.0,66614
2391,F,18.0,4.0,90025
2394,M,18.0,17.0,53818
2397,M,25.0,17.0,75146
2398,M,25.0,7.0,02035
2399,M,18.0,4.0,95076
2401,M,25.0,17.0,74467
2403,M,25.0,4.0,65804
2404,M,25.0,14.0,55305
2406,M,18.0,4.0,91301
2413,M,56.0,2.0,91321
2414,F,25.0,4.0,02138
2415,M,18.0,2.0,44515
2416,M,35.0,5.0,70123
2417,M,25.0,4.0,97333
2423,F,45.0,0.0,11217
2424,M,50.0,7.0,39648
2425,F,25.0,1.0,60551
2430,M,18.0,4.0,10020
2431,M,18.0,0.0,35115
2432,M,25.0,0.0,29672
2433,M,18.0,0.0,92647
2435,M,45.0,1.0,01867
2436,F,35.0,5.0,12345
2437,F,25.0,4.0,91740
2439,M,50.0,1.0,53221
2441,M,18.0,99.0,02134
2442,M,25.0,2.0,90210
2443,M,1.0,10.0,60007
2444,M,18.0,4.0,12604
2445,M,18.0,12.0,55118
2446,F,25.0,1.0,32303
2447,F,18.0,4.0,10003
2448,M,25.0,0.0,98103
2449,M,35.0,17.0,32506
2450,F,25.0,5.0,91311
2451,M,45.0,2.0,29440
2452,M,18.0,4.0,80228
2453,M,25.0,14.0,48103
2454,M,25.0,12.0,94114
2455,M,25.0,6.0,68128
2456,M,50.0,2.0,50310
2457,F,25.0,1.0,06417
2458,F,35.0,4.0,44485
2459,M,25.0,2.0,55344
2460,M,18.0,16.0,99353
2461,F,45.0,1.0,04258
2462,M,25.0,1.0,39759
2463,F,50.0,1.0,62901
2464,M,25.0,2.0,55408
2466,M,25.0,7.0,15205
2467,M,45.0,12.0,55102
2468,M,25.0,14.0,80232
2469,F,45.0,3.0,78759
2472,M,50.0,17.0,08055
2473,M,25.0,7.0,53717
2474,F,25.0,4.0,55407
2475,M,35.0,16.0,19803
2476,M,25.0,6.0,73118
2477,F,45.0,20.0,04240
2478,F,25.0,4.0,60443
2479,M,50.0,16.0,60056
2480,M,25.0,7.0,55112
2482,M,25.0,12.0,41042
2483,M,45.0,0.0,98031
2486,F,25.0,9.0,49442
2487,M,45.0,17.0,80228
2488,M,25.0,4.0,96826
2489,F,56.0,13.0,46140
2490,M,56.0,3.0,10023
2492,M,18.0,20.0,91330
2496,F,25.0,9.0,80013
2497,M,18.0,4.0,60611
2498,M,18.0,99.0,55404
2499,M,50.0,6.0,193122042
2500,M,18.0,4.0,07940
2501,M,35.0,7.0,27511
2503,M,50.0,14.0,55407
2504,F,35.0,1.0,44107
2505,F,25.0,19.0,90020
2506,M,45.0,7.0,67301
2507,M,18.0,4.0,76013
2509,F,18.0,4.0,48104
2510,F,25.0,0.0,11106
2512,M,56.0,17.0,03801
2513,M,18.0,10.0,10016
2516,M,18.0,4.0,94122
2517,F,35.0,1.0,85287
2518,M,25.0,18.0,98438
2519,M,56.0,8.0,12436
2521,M,18.0,4.0,56001
2522,M,18.0,4.0,98105
2526,M,18.0,5.0,48504
2527,M,25.0,5.0,44095
2528,M,18.0,4.0,98225
2529,F,50.0,2.0,94530
2534,M,50.0,1.0,90027
2535,M,35.0,20.0,32708
2536,M,25.0,4.0,19711
2537,M,35.0,16.0,07030
2538,F,18.0,4.0,55118
2539,M,35.0,17.0,99508
2540,M,25.0,7.0,02134
2541,M,50.0,7.0,80302
2543,M,35.0,17.0,94041
2544,M,18.0,2.0,63138
2546,M,25.0,0.0,92155
2548,M,35.0,14.0,90266
2549,M,25.0,7.0,12206
2550,F,25.0,19.0,60612
2551,M,25.0,7.0,55429
2552,M,25.0,11.0,15237
2553,M,18.0,20.0,60641
2554,M,56.0,3.0,52240
2556,M,50.0,18.0,97321
2557,M,18.0,20.0,78759
2560,M,45.0,20.0,91607
2562,M,35.0,7.0,16365
2563,M,50.0,11.0,85726
2565,F,35.0,9.0,13066
2566,F,25.0,6.0,80236
2569,M,56.0,1.0,29672
2570,M,50.0,0.0,21050
2571,F,18.0,3.0,45244
2572,F,35.0,2.0,22030
2573,M,25.0,4.0,02134
2574,M,35.0,17.0,22124
2575,M,56.0,1.0,30030
2576,M,25.0,4.0,84111
2577,M,25.0,4.0,74074
2578,M,35.0,7.0,55116
2579,F,35.0,6.0,13210
2580,M,35.0,18.0,13027
2581,M,35.0,0.0,95118
2583,M,18.0,2.0,95843
2586,M,25.0,20.0,75205
2587,M,25.0,4.0,98926
2588,M,35.0,7.0,76248
2590,M,35.0,12.0,55803
2592,M,25.0,17.0,75044
2593,M,35.0,16.0,02536
2594,M,1.0,10.0,48073
2595,M,45.0,0.0,43615
2597,M,25.0,5.0,02891
2598,F,25.0,0.0,10011
2599,M,18.0,4.0,20742
2601,M,18.0,4.0,41076
2602,M,25.0,1.0,60615
2605,F,56.0,0.0,98374
2607,F,45.0,0.0,01060
2608,M,35.0,17.0,92630
2609,M,18.0,4.0,01125
2611,F,50.0,0.0,98226
2612,M,35.0,11.0,52803
2613,M,25.0,99.0,48104
2614,M,1.0,0.0,75070
2615,M,25.0,19.0,93536
2617,M,35.0,17.0,50321
2619,M,56.0,1.0,39532
2620,M,25.0,7.0,96811
2621,M,25.0,0.0,90019
2622,M,35.0,0.0,74011
2623,M,25.0,16.0,55103-1006
2625,M,18.0,4.0,18011
2626,M,25.0,12.0,03110
2628,F,25.0,14.0,44304
2629,F,25.0,6.0,72211
2630,M,25.0,14.0,92109
2632,F,35.0,0.0,20723
2633,M,50.0,1.0,98112
2636,M,18.0,4.0,01375
2637,F,35.0,0.0,46142
2639,M,35.0,11.0,48640
2640,M,18.0,4.0,94044
2641,M,25.0,1.0,24060
2642,M,25.0,1.0,28027
2643,M,45.0,17.0,94602
2645,M,25.0,17.0,44118
2646,M,50.0,20.0,06033
2650,F,25.0,7.0,94043
2651,F,50.0,7.0,33764
2652,M,25.0,7.0,55405
2653,F,25.0,1.0,02144
2656,F,35.0,7.0,08318
2657,M,50.0,0.0,36109
2658,F,50.0,0.0,13210
2659,M,1.0,10.0,54701
2660,M,18.0,0.0,47901
2661,M,25.0,0.0,92646
2663,F,56.0,3.0,06040
2664,M,18.0,14.0,94070
2667,F,35.0,9.0,19006
2668,M,50.0,7.0,76054
2670,F,50.0,1.0,36067
2671,F,50.0,1.0,30602
2672,M,25.0,2.0,98102
2673,M,1.0,10.0,28270
2675,M,25.0,16.0,43215
2676,M,25.0,12.0,92880
2677,M,25.0,14.0,30101
2680,M,25.0,9.0,44310
2683,M,35.0,15.0,48187
2684,M,25.0,1.0,12553
2685,F,18.0,1.0,02109
2686,M,18.0,14.0,43613
2687,M,25.0,20.0,11230-1710
2692,F,25.0,0.0,55345
2693,M,35.0,16.0,92630
2694,M,18.0,3.0,48005
2697,M,1.0,10.0,48867
2699,M,1.0,10.0,75633
2700,F,25.0,20.0,95776
2701,F,45.0,7.0,21044
2703,M,25.0,5.0,54703
2706,M,25.0,17.0,06460
2708,M,25.0,7.0,21029
2709,M,35.0,11.0,94306
2710,M,25.0,1.0,40214
2711,M,25.0,2.0,55118
2712,F,25.0,5.0,01801
2713,F,45.0,5.0,48341
2716,M,25.0,0.0,60656
2717,F,18.0,4.0,92805
2719,F,18.0,4.0,79912
2720,M,18.0,4.0,98117
2722,M,25.0,18.0,10309
2723,M,45.0,17.0,30075
2724,M,35.0,7.0,93906
2725,F,45.0,6.0,63135
2726,M,25.0,17.0,94401
2727,M,25.0,12.0,15217
2728,M,18.0,12.0,60640
2729,M,18.0,2.0,01720
2732,M,25.0,6.0,11106
2733,F,25.0,17.0,19810
2734,M,45.0,17.0,94806
2735,M,25.0,17.0,74074
2737,F,25.0,6.0,55433
2739,F,25.0,9.0,93940
2740,M,50.0,7.0,90505
2743,M,25.0,4.0,85719
2744,M,25.0,7.0,06516
2746,F,35.0,3.0,04108
2749,M,35.0,17.0,49424
2750,F,18.0,4.0,63141
2751,M,35.0,5.0,34786
2752,M,18.0,17.0,89503
2753,F,45.0,3.0,98155
2755,M,45.0,7.0,90405
2760,M,25.0,0.0,60156
2761,M,56.0,7.0,91356
2763,M,25.0,20.0,48103
2764,M,18.0,20.0,92026
2767,F,18.0,4.0,02142
2768,M,18.0,4.0,13165
2770,M,50.0,14.0,33401
2772,F,35.0,20.0,95451
2773,M,18.0,15.0,91101
2775,M,25.0,1.0,27106
2776,M,35.0,7.0,05401
2778,M,56.0,13.0,55118
2779,M,35.0,4.0,84123
2780,F,45.0,6.0,04578
2781,M,18.0,0.0,13603
2782,F,18.0,1.0,94607
2783,M,25.0,20.0,81101
2784,F,35.0,14.0,55038
2785,M,18.0,0.0,84058
2786,F,35.0,20.0,98103
2790,F,35.0,20.0,94598
2792,F,35.0,9.0,03769
2794,M,35.0,12.0,08852
2795,M,56.0,0.0,94043
2796,M,25.0,7.0,94538
2797,M,18.0,2.0,15956
2798,M,25.0,4.0,48109
2799,M,18.0,0.0,55129
2800,F,25.0,12.0,94526
2801,M,18.0,4.0,52405
2803,F,18.0,4.0,54302
2804,M,18.0,4.0,85259
2806,M,50.0,1.0,44240
2807,M,35.0,11.0,75229
2808,M,25.0,4.0,44706
2813,M,25.0,2.0,75287
2814,M,25.0,14.0,55421
2815,M,50.0,2.0,87020
2818,M,18.0,0.0,42420
2819,M,35.0,16.0,98029
2823,M,56.0,14.0,37922
2824,M,25.0,11.0,75801
2826,M,18.0,0.0,97005
2827,M,25.0,11.0,02453
2828,M,18.0,19.0,70043
2829,M,25.0,0.0,12306
2832,F,1.0,10.0,48067
2834,M,35.0,1.0,20037
2835,M,25.0,4.0,60056
2836,M,35.0,2.0,89012
2839,M,35.0,7.0,17740
2840,M,45.0,17.0,78731
2841,F,56.0,1.0,44074
2842,M,35.0,12.0,75063
2845,M,25.0,14.0,23434
2846,F,18.0,4.0,55422
2847,M,35.0,11.0,37620
2849,M,35.0,6.0,55122
2853,M,45.0,17.0,27502
2854,M,25.0,12.0,55443
2857,F,25.0,14.0,94115
2862,F,45.0,17.0,55419
2863,M,45.0,16.0,08053
2865,M,35.0,14.0,75034
2866,M,18.0,4.0,10027
2868,M,18.0,5.0,91767
2869,M,35.0,1.0,80687
2870,M,25.0,17.0,27609
2872,F,25.0,9.0,29369
2874,M,35.0,12.0,91104
2877,M,25.0,17.0,02021
2879,F,25.0,0.0,94602
2880,F,25.0,11.0,94117
2881,M,45.0,7.0,85287-2702
2882,F,25.0,14.0,98225
2884,M,18.0,4.0,98499
2885,M,35.0,16.0,94108
2886,F,25.0,14.0,55343
2887,M,45.0,16.0,01982
2888,M,45.0,7.0,11201
2891,M,56.0,1.0,95117
2892,M,35.0,1.0,91030
2893,M,25.0,12.0,08876
2895,M,25.0,14.0,98103
2897,M,25.0,12.0,53705
2901,M,25.0,0.0,90028
2902,M,25.0,17.0,43212
2903,M,18.0,0.0,23455-4959
2905,M,18.0,20.0,45387
2906,M,1.0,10.0,48073
2907,M,25.0,14.0,94105
2908,F,25.0,9.0,55409
2910,M,35.0,1.0,01773
2911,M,25.0,17.0,76028
2913,M,56.0,0.0,37922
2914,F,45.0,7.0,77006
2918,F,1.0,10.0,17036
2919,F,1.0,10.0,99016
2920,M,25.0,7.0,37930
2921,M,25.0,14.0,76051
2922,M,45.0,6.0,95695
2923,F,25.0,7.0,98109
2924,M,18.0,7.0,44039
2925,M,25.0,12.0,10014
2926,M,45.0,14.0,63130
2928,F,35.0,7.0,91362
2929,F,56.0,13.0,37917
2931,M,1.0,10.0,41011
2932,M,25.0,17.0,02149
2934,M,25.0,4.0,19103
2937,F,35.0,20.0,61821
2938,M,25.0,0.0,23451
2939,M,45.0,14.0,01701
2940,F,56.0,13.0,07701
2942,M,25.0,2.0,60156
2948,F,18.0,14.0,22206
2949,M,18.0,1.0,92037
2951,M,50.0,11.0,49008
2952,M,18.0,4.0,10044
2953,M,18.0,7.0,11434
2954,M,35.0,0.0,60914
2956,M,35.0,7.0,49504
2957,F,25.0,7.0,34952
2959,M,25.0,7.0,55439
2960,M,18.0,4.0,01095
2962,F,18.0,5.0,78704
2963,M,18.0,4.0,30332
2964,M,25.0,5.0,78251
2965,M,25.0,12.0,60622
2966,F,18.0,9.0,62225
2967,F,18.0,4.0,80228
2968,M,18.0,2.0,55304
2969,F,1.0,10.0,48154
2970,M,45.0,15.0,55391
2971,M,35.0,7.0,50111
2972,F,35.0,9.0,48336
2973,M,35.0,6.0,84103
2974,F,45.0,9.0,01520
2977,M,1.0,10.0,73013
2979,M,25.0,17.0,28601
2980,M,25.0,1.0,85364
2981,M,56.0,13.0,95929
2983,M,25.0,0.0,55414
2985,F,25.0,15.0,94002
2986,F,35.0,12.0,46755
2987,M,25.0,20.0,94519
2988,F,18.0,4.0,44515
2989,F,18.0,14.0,55426
2990,M,25.0,0.0,61832
2991,F,25.0,2.0,02903
2993,F,45.0,9.0,95030
2998,M,18.0,4.0,31201
2999,M,18.0,12.0,55057
3001,F,35.0,0.0,08009
3002,M,56.0,13.0,17033
3004,M,25.0,2.0,60640
3005,F,45.0,7.0,09094
3008,M,25.0,4.0,29732
3009,F,56.0,0.0,14830
3010,M,45.0,19.0,53572
3011,M,25.0,14.0,49355
3012,M,45.0,7.0,10543
3013,M,45.0,20.0,93108
3016,M,18.0,0.0,48322
3018,M,50.0,14.0,60504
3019,M,18.0,4.0,55102
3020,M,35.0,15.0,53095
3021,M,25.0,0.0,55408
3022,M,25.0,7.0,48070
3023,M,35.0,1.0,50677
3024,M,25.0,11.0,84109
3025,F,45.0,12.0,28655
3026,M,45.0,16.0,78204
3028,M,25.0,5.0,92117
3029,M,50.0,14.0,73543
3030,M,35.0,0.0,95826
3031,F,50.0,0.0,94514
3034,F,50.0,3.0,91911
3035,M,18.0,4.0,91360
3036,M,25.0,1.0,48911
3038,M,25.0,1.0,22903
3039,M,18.0,7.0,60012
3042,F,25.0,4.0,91106
3043,F,35.0,1.0,94043
3045,M,25.0,12.0,55346
3046,M,35.0,20.0,17112
3047,F,50.0,20.0,95404
3048,M,35.0,17.0,77566
3049,M,25.0,2.0,90035
3052,M,50.0,11.0,20852
3054,M,25.0,17.0,95209
3055,M,25.0,12.0,94121
3056,F,18.0,2.0,13603
3057,M,25.0,14.0,55406
3058,M,35.0,1.0,94549
3059,M,35.0,7.0,32444
3060,F,18.0,4.0,77581
3062,M,45.0,17.0,54022
3063,M,25.0,20.0,90032
3066,M,18.0,4.0,70817
3067,M,35.0,17.0,17601
3069,M,25.0,0.0,60201
3070,M,45.0,1.0,16673
3072,F,45.0,0.0,96821
3073,M,25.0,0.0,10310
3074,F,50.0,16.0,13207
3076,M,18.0,1.0,92802
3079,M,45.0,7.0,98028
3080,M,25.0,2.0,60160
3081,M,18.0,17.0,75093
3082,M,25.0,7.0,94132
3083,M,35.0,11.0,96813
3084,M,25.0,0.0,43081
3085,M,25.0,4.0,92843
3086,F,25.0,0.0,94403
3087,M,45.0,17.0,97330
3090,M,25.0,5.0,04103
3091,M,25.0,7.0,60628
3094,M,50.0,15.0,02474
3095,M,50.0,16.0,20015
3096,M,18.0,0.0,48314
3097,M,35.0,12.0,19050
3099,M,25.0,17.0,45694
3100,F,18.0,4.0,48108
3101,F,35.0,3.0,55112
3102,F,35.0,17.0,60618
3103,M,25.0,15.0,32603
3104,M,18.0,4.0,02111
3105,F,50.0,7.0,11771
3106,M,50.0,20.0,95236
3107,F,18.0,17.0,55449
3108,M,56.0,1.0,13210
3109,M,18.0,4.0,55410
3112,F,25.0,3.0,54016
3113,M,35.0,16.0,10472
3114,F,56.0,1.0,01060
3115,M,45.0,14.0,30005
3116,M,1.0,99.0,01597
3117,M,35.0,17.0,22315
3120,M,25.0,7.0,55112
3121,M,25.0,0.0,01701
3122,M,50.0,1.0,39401
3123,M,56.0,0.0,80210
3124,F,25.0,1.0,46807
3126,F,25.0,11.0,43201
3127,M,45.0,7.0,46112
3128,M,50.0,14.0,92026
3131,M,50.0,16.0,49277
3132,M,25.0,20.0,93704
3133,F,1.0,10.0,95864
3134,M,25.0,17.0,00693
3136,M,25.0,12.0,89502
3139,M,18.0,15.0,02215
3140,M,25.0,7.0,94022
3142,M,18.0,17.0,02139
3143,M,25.0,7.0,84095
3144,F,18.0,4.0,24060
3145,M,25.0,12.0,34170
3146,M,35.0,3.0,29425
3148,M,25.0,14.0,60045
3149,M,18.0,20.0,49506
3151,F,25.0,17.0,55412
3152,M,56.0,13.0,60506
3153,M,25.0,17.0,23454
3154,M,1.0,10.0,92106
3156,M,25.0,0.0,77058
3157,M,35.0,7.0,60657
3159,M,35.0,7.0,03885
3161,M,25.0,12.0,07436
3162,M,56.0,13.0,95129
3163,M,50.0,15.0,48103
3166,F,50.0,0.0,02421
3167,M,25.0,20.0,94402
3170,M,35.0,7.0,54016
3171,F,18.0,5.0,48108
3172,M,35.0,7.0,90069
3174,F,56.0,2.0,03431
3176,M,50.0,13.0,33710
3177,M,25.0,17.0,77007
3179,F,56.0,1.0,55105
3182,M,35.0,7.0,76248
3183,M,25.0,7.0,98115
3185,F,35.0,2.0,33619
3188,M,25.0,15.0,85003
3189,F,35.0,1.0,23508
3193,F,18.0,4.0,27514
3195,F,1.0,10.0,55391
3198,M,18.0,4.0,66044
3199,M,18.0,17.0,02140
3200,M,18.0,2.0,90069
3203,M,1.0,10.0,96782
3204,M,45.0,7.0,11576
3205,M,56.0,13.0,19119
3206,M,18.0,4.0,53211
3207,M,35.0,0.0,20755
3208,F,18.0,99.0,90024
3210,M,18.0,4.0,48104
3212,F,45.0,1.0,32750
3213,F,35.0,1.0,46815
3214,M,56.0,0.0,06082
3215,M,35.0,7.0,94086
3216,F,25.0,2.0,10019
3217,M,25.0,7.0,53202
3218,M,18.0,12.0,53715
3219,F,25.0,12.0,60540
3220,F,25.0,14.0,34639
3221,F,25.0,3.0,74075
3222,M,56.0,19.0,91790-1161
3225,M,50.0,12.0,01960
3226,M,45.0,0.0,73702
3228,M,1.0,0.0,94525
3229,M,25.0,11.0,19130
3230,F,56.0,11.0,54401
3231,F,18.0,4.0,60014
3233,M,56.0,15.0,94114
3234,M,45.0,3.0,55421
3236,F,45.0,2.0,94558
3237,M,35.0,11.0,10538
3238,M,18.0,14.0,01604
3239,M,50.0,17.0,94611
3240,F,35.0,1.0,97374
3241,M,25.0,2.0,60123
3242,F,50.0,9.0,91941
3244,M,25.0,7.0,29662
3245,F,25.0,4.0,50265
3247,M,25.0,16.0,59079
3248,F,18.0,4.0,48109
3250,F,25.0,6.0,48108
3251,M,45.0,5.0,60647
3253,M,35.0,12.0,95864
3254,M,25.0,17.0,28083
3256,F,35.0,2.0,02879
3257,F,25.0,15.0,92507
3258,F,35.0,7.0,60201
3260,M,25.0,4.0,37130
3261,M,25.0,12.0,53154
3262,M,45.0,15.0,60035
3263,M,25.0,17.0,55112
3264,F,45.0,1.0,76006
3266,F,25.0,4.0,87110
3267,M,35.0,12.0,94025
3268,M,50.0,7.0,94709
3269,M,18.0,0.0,53051
3270,M,18.0,4.0,80521
3273,M,56.0,15.0,37830
3277,M,50.0,11.0,90041
3278,M,25.0,17.0,85710
3279,F,18.0,4.0,90024
3280,M,25.0,4.0,10549
3281,M,25.0,2.0,22903
3282,M,50.0,7.0,68046
3283,F,1.0,10.0,94086
3285,M,25.0,12.0,95030
3287,F,25.0,0.0,02138
3289,M,35.0,11.0,20879
3292,F,25.0,4.0,02141
3293,M,25.0,7.0,63105
3298,M,25.0,11.0,06851
3299,M,18.0,20.0,02038
3301,M,18.0,4.0,33143
3303,M,18.0,17.0,63544
3305,M,35.0,7.0,44306
3308,M,56.0,14.0,18954
3309,M,18.0,4.0,43201
3310,M,25.0,4.0,94110
3313,F,35.0,17.0,98201
3315,M,25.0,20.0,19134
3317,M,35.0,0.0,95409
3318,M,35.0,7.0,02127
3319,M,25.0,15.0,55902
3320,M,45.0,15.0,64081-8102
3321,M,1.0,10.0,92846
3322,M,1.0,10.0,94707
3323,M,25.0,16.0,13090
3325,M,25.0,4.0,32608
3328,M,18.0,4.0,55414
3329,M,35.0,2.0,20818
3330,M,25.0,0.0,02478
3332,M,25.0,0.0,90046
3333,M,25.0,0.0,69301
3336,M,25.0,7.0,91436
3337,M,35.0,17.0,80537
3339,F,35.0,1.0,92103
3340,F,35.0,0.0,55116
3341,M,18.0,4.0,23186
3342,M,25.0,20.0,22032
3343,F,25.0,4.0,92648
3344,M,25.0,12.0,55405
3348,F,50.0,3.0,10128
3349,F,35.0,99.0,55014
3350,M,25.0,12.0,11413
3352,F,25.0,20.0,60612
3355,M,25.0,15.0,93107
3359,M,25.0,0.0,97212
3360,M,45.0,0.0,30189
3362,F,45.0,6.0,84318
3363,M,35.0,7.0,48104
3364,M,25.0,7.0,11793
3366,F,18.0,4.0,44509
3367,F,18.0,4.0,43235
3372,M,18.0,4.0,26241
3373,M,35.0,7.0,10040
3374,F,25.0,14.0,90046
3375,M,18.0,3.0,64043
3376,M,25.0,12.0,53707
3378,M,35.0,17.0,94022
3380,M,18.0,4.0,92153
3381,F,25.0,9.0,92064
3382,M,35.0,0.0,55105
3383,M,50.0,7.0,19380
3384,F,25.0,14.0,48067
3388,M,35.0,12.0,07470
3390,F,45.0,9.0,13203
3391,F,35.0,6.0,37919
3392,M,25.0,11.0,11217
3393,M,35.0,7.0,38018
3397,F,18.0,1.0,94706
3398,M,50.0,20.0,94117
3399,M,25.0,7.0,10025
3401,M,25.0,11.0,13031
3402,M,56.0,16.0,48009
3403,M,35.0,12.0,92009
3404,M,18.0,0.0,60618
3405,M,35.0,3.0,13088
3406,F,45.0,0.0,10036
3408,F,45.0,5.0,60050
3411,M,18.0,0.0,21015
3412,M,35.0,16.0,54729
3414,M,50.0,7.0,92116
3415,M,18.0,10.0,79605
3416,F,25.0,1.0,55410
3417,M,18.0,4.0,76401
3418,F,18.0,4.0,55449
3419,M,25.0,20.0,90802
3421,M,45.0,7.0,33135
3422,M,1.0,4.0,63376
3423,M,25.0,4.0,55417
3424,M,25.0,6.0,53217
3425,M,18.0,17.0,57106
3426,M,25.0,2.0,94114
3427,M,25.0,20.0,55105
3428,M,50.0,7.0,10003
3430,F,45.0,0.0,08081
3432,F,25.0,3.0,28001
3433,M,56.0,13.0,54720
3434,M,18.0,18.0,98118
3435,M,25.0,6.0,06511
3436,M,1.0,10.0,55317
3437,F,35.0,11.0,05602
3438,M,35.0,20.0,10038
3439,M,25.0,12.0,94118
3440,M,25.0,20.0,98119
3441,M,35.0,15.0,63117
3444,F,25.0,3.0,55408
3445,M,35.0,14.0,66013
3446,F,50.0,0.0,33313
3449,M,25.0,17.0,78749
3450,M,25.0,0.0,85712
3453,M,25.0,5.0,60074
3455,F,35.0,17.0,78681
3458,M,35.0,7.0,77565-2332
3461,M,25.0,0.0,92121
3462,M,50.0,0.0,44126
3464,M,50.0,7.0,94024
3466,M,18.0,4.0,60202
3467,M,25.0,3.0,19147
3468,F,25.0,1.0,23185
3470,F,35.0,7.0,10012
3471,M,50.0,11.0,44622
3473,M,35.0,7.0,75013
3474,F,50.0,0.0,94521
3475,M,35.0,20.0,11215
3476,F,45.0,16.0,92106
3478,M,35.0,7.0,91001
3479,M,18.0,5.0,65211
3480,M,45.0,12.0,92104
3481,M,18.0,20.0,07087
3482,M,45.0,17.0,99005
3484,M,35.0,7.0,20716
3488,M,25.0,12.0,98100
3489,M,25.0,12.0,77042
3490,M,50.0,13.0,94706
3491,F,45.0,5.0,92649
3493,M,18.0,17.0,76116
3495,M,25.0,0.0,85283
3496,F,18.0,4.0,91405
3497,M,35.0,0.0,09142
3501,M,18.0,4.0,95616
3503,F,56.0,13.0,37774
3504,F,50.0,0.0,02139
3505,M,35.0,18.0,10463
3506,F,45.0,3.0,48130
3507,M,50.0,13.0,62002
3508,M,1.0,1.0,48304
3509,F,18.0,4.0,48104
3512,M,25.0,12.0,27410
3513,M,56.0,7.0,93924
3514,M,18.0,3.0,85226
3515,F,18.0,4.0,68516
3516,F,35.0,7.0,04015
3518,M,25.0,1.0,53711
3519,M,35.0,99.0,22181
3520,F,56.0,9.0,38558
3522,M,35.0,16.0,12866
3526,M,25.0,17.0,94133
3527,M,25.0,2.0,46142
3528,M,25.0,12.0,37013
3529,M,25.0,17.0,94901
3530,M,35.0,1.0,90731
3531,F,25.0,1.0,55455
3532,M,56.0,13.0,45322-3132
3535,M,25.0,7.0,60657
3540,F,18.0,9.0,99703
3541,F,18.0,0.0,45212
3544,M,35.0,17.0,30024
3545,M,25.0,2.0,55405
3547,F,35.0,17.0,45014
3548,M,25.0,14.0,08742
3549,M,35.0,14.0,68108
3550,M,25.0,20.0,29205
3551,M,35.0,15.0,92627
3552,F,35.0,9.0,07728
3553,M,18.0,4.0,53213
3554,M,18.0,2.0,10012
3555,M,25.0,6.0,70508
3556,M,25.0,4.0,86314
3557,M,45.0,16.0,97068
3561,M,56.0,13.0,13123
3562,F,25.0,17.0,75006
3564,F,18.0,4.0,94116
3565,F,1.0,10.0,02879
3567,F,25.0,7.0,85214
3568,M,18.0,14.0,10017
3569,M,45.0,7.0,60139
3570,M,45.0,20.0,10019
3571,M,35.0,17.0,55113
3572,M,50.0,1.0,91030
3573,M,35.0,1.0,60640
3574,F,25.0,12.0,80126
3575,M,25.0,99.0,94122
3576,M,25.0,7.0,33309
3577,M,25.0,18.0,97034
3579,M,56.0,13.0,03440
3580,M,50.0,2.0,32117
3581,M,35.0,12.0,97006
3583,M,56.0,2.0,08825
3586,M,35.0,1.0,54481
3587,F,25.0,7.0,94107
3590,M,25.0,0.0,97401
3591,F,35.0,1.0,54650
3592,F,25.0,4.0,55455
3593,M,50.0,6.0,01545
3595,M,25.0,14.0,45383
3596,F,50.0,7.0,12866
3600,M,18.0,4.0,45251
3601,M,25.0,1.0,06877
3602,M,45.0,20.0,43201
3603,M,45.0,0.0,02131
3604,M,18.0,12.0,55112
3606,F,35.0,7.0,07601
3607,M,25.0,7.0,55346
3610,F,56.0,13.0,95050
3611,M,50.0,16.0,95070
3612,M,18.0,15.0,94061
3616,M,25.0,1.0,56187
3617,M,45.0,12.0,64117
3619,M,45.0,17.0,13152
3620,M,25.0,0.0,55987
3622,F,18.0,4.0,21046
3624,M,25.0,6.0,43551
3625,F,25.0,5.0,40241
3626,F,25.0,3.0,85226
3627,M,50.0,11.0,04102
3628,M,25.0,14.0,97203
3629,M,1.0,10.0,91326
3630,M,18.0,0.0,63116
3631,M,25.0,12.0,94086
3632,F,18.0,4.0,60613
3633,M,35.0,2.0,45243
3635,M,25.0,4.0,22903
3637,M,35.0,12.0,98033
3639,F,35.0,3.0,60187
3640,M,18.0,0.0,80302
3641,F,18.0,12.0,29708
3642,F,35.0,1.0,55417
3643,M,1.0,10.0,44906
3645,F,25.0,7.0,90230
3646,M,18.0,10.0,92704
3647,M,25.0,11.0,55409
3648,M,35.0,12.0,32935
3650,M,25.0,14.0,04240
3652,M,25.0,8.0,92115
3653,M,56.0,1.0,80303
3655,M,18.0,19.0,55912
3656,M,18.0,4.0,31602
3658,M,25.0,0.0,55126
3664,M,45.0,20.0,98027
3665,M,35.0,1.0,32312
3667,M,45.0,1.0,60115
3669,M,35.0,16.0,92630
3671,M,25.0,12.0,83815
3672,M,56.0,13.0,85248
3673,F,25.0,7.0,94121
3675,M,35.0,7.0,95031
3676,F,1.0,0.0,27245
3677,M,25.0,16.0,53714
3678,M,56.0,13.0,12124
3680,F,50.0,3.0,37772
3682,M,35.0,16.0,77301
3684,M,25.0,11.0,37931
3685,M,25.0,16.0,37922
3686,M,25.0,12.0,98033
3687,M,18.0,19.0,98034
3689,F,18.0,19.0,46556
3691,M,25.0,4.0,98102
3692,M,56.0,11.0,48070
3693,M,45.0,16.0,94536
3696,M,25.0,7.0,06854
3697,M,18.0,14.0,97123
3699,M,56.0,16.0,60610
3702,M,25.0,0.0,30068
3703,F,18.0,14.0,85705
3704,F,25.0,7.0,78666
3705,M,18.0,4.0,61820
3706,M,18.0,4.0,91325
3707,M,25.0,1.0,91730
3708,M,50.0,7.0,07405
3711,M,25.0,18.0,37922
3712,F,25.0,99.0,98034
3713,F,56.0,13.0,78737
3714,M,25.0,2.0,20036
3715,M,50.0,7.0,94114
3716,M,45.0,17.0,94931
3718,M,25.0,0.0,98122
3719,M,18.0,4.0,95616
3720,M,25.0,2.0,78748
3723,M,18.0,0.0,63011
3724,M,25.0,20.0,98105
3725,F,35.0,3.0,95826
3726,M,35.0,0.0,30906
3727,M,35.0,18.0,17350
3730,F,50.0,99.0,95032
3732,M,25.0,15.0,14803
3734,M,25.0,20.0,90048
3735,M,25.0,7.0,85257
3736,M,56.0,17.0,28704
3737,M,35.0,7.0,98103
3739,F,18.0,4.0,90025
3740,M,25.0,17.0,02140
3741,M,25.0,7.0,42518
3742,M,45.0,11.0,03301
3744,F,35.0,0.0,37920
3746,M,25.0,0.0,06096
3747,M,25.0,3.0,98034
3749,M,35.0,7.0,80304
3750,M,25.0,17.0,52402
3751,M,18.0,16.0,11209
3758,M,45.0,1.0,91335
3759,M,35.0,14.0,60538
3760,M,25.0,8.0,95380
3761,M,50.0,17.0,39567
3762,F,56.0,1.0,55406
3764,M,18.0,12.0,90210
3765,F,50.0,12.0,95472
3766,M,1.0,10.0,55345
3767,M,50.0,1.0,19481
3768,F,35.0,4.0,19104
3770,M,25.0,17.0,80112
3773,M,56.0,13.0,27514-3540
3774,M,1.0,10.0,20876
3775,M,25.0,12.0,60068
3776,F,18.0,4.0,93117
3777,M,56.0,1.0,93003
3781,F,1.0,0.0,44260
3782,M,18.0,20.0,85054
3783,M,50.0,13.0,87502
3784,M,25.0,5.0,12308
3793,M,25.0,14.0,02465
3794,M,18.0,2.0,27514
3795,M,45.0,7.0,30253
3796,M,45.0,12.0,40515
3797,F,25.0,1.0,23603
3798,M,25.0,7.0,92103
3799,M,35.0,12.0,10025
3802,M,35.0,6.0,95521
3805,M,35.0,17.0,20009
3806,F,25.0,4.0,89431
3807,M,18.0,4.0,98312
3808,M,18.0,7.0,10016
3809,M,25.0,0.0,43623
3810,F,25.0,4.0,94110
3811,F,25.0,15.0,03255
3812,M,18.0,4.0,70118
3813,M,25.0,99.0,82601
3814,F,56.0,7.0,10019
3817,M,25.0,0.0,77025
3823,M,56.0,1.0,44107
3825,M,18.0,0.0,37211
3826,M,25.0,2.0,10019
3827,M,25.0,5.0,74055
3829,M,25.0,17.0,98115
3831,F,18.0,4.0,76201
3833,M,25.0,4.0,60614
3834,F,1.0,10.0,02906
3836,M,50.0,16.0,97116
3841,M,18.0,17.0,98122
3842,M,1.0,10.0,89509
3844,M,25.0,7.0,10012
3845,F,45.0,16.0,48103
3846,M,56.0,3.0,89185
3847,M,18.0,4.0,12188
3848,M,18.0,0.0,78237
3849,M,56.0,1.0,04056
3850,F,25.0,16.0,99224
3851,M,25.0,1.0,23462
3853,F,35.0,9.0,13066
3854,M,25.0,7.0,02139
3855,M,35.0,8.0,10014
3856,M,45.0,11.0,22122
3857,F,45.0,16.0,14468
3859,M,35.0,2.0,55104
3860,M,18.0,1.0,62522
3861,M,18.0,19.0,30350
3862,F,35.0,14.0,19147
3863,M,50.0,11.0,04210
3864,F,35.0,0.0,42420
3865,F,25.0,0.0,06040
3866,F,18.0,4.0,43612
3868,M,18.0,7.0,10016
3869,M,56.0,1.0,45224
3871,F,25.0,17.0,92084
3872,M,18.0,15.0,45215
3874,F,45.0,7.0,30260
3875,M,25.0,17.0,77059
3877,M,18.0,16.0,06510
3878,M,50.0,13.0,33015
3879,M,18.0,6.0,60611
3880,F,25.0,4.0,94610
3882,M,25.0,5.0,85705
3883,M,1.0,10.0,76013
3884,F,25.0,3.0,50266
3886,M,25.0,20.0,90048
3888,M,25.0,4.0,27510
3889,M,25.0,0.0,30606
3891,F,18.0,6.0,92122
3892,M,25.0,12.0,90712
3894,M,35.0,0.0,92649
3895,M,25.0,17.0,55128
3896,M,35.0,0.0,76031
3897,M,50.0,2.0,90029
3898,F,18.0,4.0,78666
3900,M,18.0,99.0,15213
3903,F,25.0,3.0,92116
3905,M,25.0,15.0,70809-2612
3907,M,18.0,3.0,92278
3908,F,18.0,4.0,45750
3909,M,18.0,16.0,55129
3910,M,25.0,20.0,48309
3912,F,18.0,0.0,02143
3914,M,45.0,2.0,10009
3915,F,25.0,0.0,53713
3916,M,1.0,0.0,46979
3917,M,18.0,19.0,12133
3919,M,25.0,14.0,02134
3922,F,25.0,1.0,02460
3923,M,25.0,7.0,94109
3927,M,50.0,7.0,55075
3928,M,35.0,7.0,02766
3929,M,25.0,2.0,94117
3933,M,25.0,6.0,68108
3935,F,18.0,0.0,20815
3936,M,25.0,1.0,48105
3937,M,25.0,14.0,94133
3938,M,35.0,17.0,11554
3939,M,25.0,4.0,55408
3940,M,35.0,17.0,94132
3941,M,56.0,6.0,94030
3942,M,35.0,1.0,49307
3943,F,18.0,1.0,60914
3944,M,35.0,12.0,94530
3947,M,18.0,4.0,04901
3948,M,45.0,0.0,45248
3949,M,35.0,0.0,85310
3950,F,25.0,14.0,80230
3951,M,35.0,18.0,13146
3952,M,50.0,0.0,45420
3953,M,18.0,12.0,78750
3957,M,18.0,10.0,78230
3959,M,35.0,6.0,60025
3960,F,18.0,5.0,92870
3961,M,18.0,2.0,21222
3962,M,18.0,0.0,02780
3964,M,50.0,16.0,19425
3966,M,18.0,4.0,55104
3968,F,25.0,4.0,66044
3969,M,18.0,4.0,27607
3970,M,25.0,17.0,02135
3971,F,50.0,0.0,66762
3973,M,18.0,17.0,94941
3974,F,35.0,1.0,47933
3975,M,35.0,1.0,91711
3980,M,35.0,7.0,20191
3981,M,18.0,4.0,85210
3983,F,35.0,16.0,03301
3984,F,50.0,13.0,03851
3988,M,25.0,0.0,12833
3989,F,35.0,0.0,20715
3990,M,56.0,1.0,90210
3991,M,56.0,13.0,94134
3992,M,35.0,19.0,55421
3994,M,35.0,99.0,06108
3995,F,56.0,8.0,90210
3996,M,56.0,6.0,62707
3997,M,35.0,20.0,19108
3999,M,35.0,7.0,07028
4000,M,18.0,4.0,06459
4002,F,50.0,20.0,27516
4003,M,25.0,4.0,54902
4006,F,25.0,0.0,94107
4008,M,1.0,19.0,03109
4009,M,56.0,1.0,42503
4011,F,1.0,0.0,55403
4012,M,25.0,16.0,22801
4013,F,45.0,15.0,44106
4014,M,35.0,1.0,53706
4015,F,35.0,12.0,55303
4016,M,50.0,13.0,90266
4017,F,25.0,1.0,91790
4018,F,50.0,0.0,46815
4019,M,18.0,4.0,14853
4020,M,35.0,17.0,33433
4023,M,45.0,3.0,50312
4025,M,35.0,4.0,37917
4026,M,25.0,4.0,16802
4027,F,25.0,12.0,77019
4029,M,35.0,0.0,60640
4030,F,45.0,9.0,95661
4031,M,18.0,4.0,01003
4032,M,35.0,19.0,94930
4033,F,35.0,0.0,20670
4034,F,35.0,99.0,54220
4035,M,18.0,1.0,30115
4036,M,25.0,1.0,55406
4037,M,25.0,0.0,92078
4038,F,25.0,7.0,02332
4040,M,18.0,4.0,90024
4041,M,25.0,11.0,20164
4044,M,25.0,2.0,55113
4045,F,25.0,17.0,48239
4046,M,25.0,4.0,48127
4047,M,35.0,1.0,55343
4048,F,25.0,17.0,97201
4049,M,45.0,2.0,94618
4050,M,18.0,0.0,98103
4051,F,25.0,4.0,78223
4052,M,18.0,4.0,03106
4053,M,35.0,17.0,95401
4055,M,35.0,17.0,94533
4057,F,25.0,1.0,77707
4059,M,45.0,1.0,85721
4061,F,25.0,6.0,89523
4062,M,25.0,20.0,79912
4063,M,18.0,4.0,84112-2004
4064,M,35.0,0.0,98136
4065,M,25.0,3.0,50311
4067,M,25.0,0.0,94121
4068,M,50.0,20.0,48104
4069,M,50.0,17.0,63033
4070,M,18.0,2.0,19464
4071,M,35.0,7.0,01776
4073,M,25.0,15.0,99353
4078,F,18.0,3.0,10017
4079,F,56.0,6.0,23225
4080,M,45.0,1.0,63105
4082,F,25.0,7.0,60422
4085,M,25.0,2.0,94131
4086,M,25.0,7.0,43228
4087,M,25.0,20.0,98101
4089,M,50.0,19.0,13903
4091,M,56.0,16.0,70072
4094,F,35.0,7.0,19143
4095,F,18.0,4.0,55455
4096,M,25.0,4.0,22903
4099,M,25.0,1.0,53706
4100,M,18.0,0.0,97469
4101,M,18.0,20.0,80218
4103,M,25.0,7.0,98102
4107,M,25.0,19.0,97209
4108,M,45.0,0.0,78703
4109,M,25.0,2.0,23188
4110,M,18.0,2.0,97211
4111,M,18.0,4.0,48104
4113,M,35.0,1.0,06417
4115,M,25.0,4.0,24060
4116,F,18.0,11.0,29063
4117,M,35.0,1.0,29706
4119,M,25.0,7.0,36102
4120,M,18.0,15.0,94015
4121,M,56.0,13.0,49307
4122,F,25.0,20.0,60640
4123,M,35.0,1.0,94518
4124,M,35.0,16.0,19003
4125,F,45.0,15.0,59840
4126,F,18.0,4.0,22904
4128,M,56.0,1.0,55116
4129,M,25.0,7.0,77252
4130,F,25.0,7.0,78757
4131,M,25.0,0.0,80903
4133,F,35.0,3.0,48073
4134,M,25.0,4.0,94305
4135,M,18.0,99.0,49855
4136,M,45.0,0.0,53818
4137,M,25.0,0.0,16101
4138,M,1.0,19.0,75602
4140,M,45.0,7.0,55016
4141,F,35.0,20.0,44303
4142,M,45.0,1.0,60091
4143,M,45.0,11.0,03301
4144,F,45.0,20.0,91436
4145,F,25.0,1.0,01860
4146,M,25.0,4.0,16801
4147,M,1.0,10.0,95123
4149,M,25.0,7.0,37027
4150,M,18.0,14.0,90292
4151,M,25.0,2.0,11105
4153,M,25.0,0.0,48197
4154,F,35.0,9.0,46815
4155,M,25.0,17.0,91776
4159,M,18.0,19.0,17517
4161,M,45.0,1.0,22314
4162,F,25.0,0.0,37211
4163,F,18.0,4.0,02464
4165,M,25.0,2.0,30303
4166,M,45.0,7.0,55066
4167,M,18.0,4.0,97361
4168,M,56.0,16.0,79930
4169,F,18.0,4.0,59715
4171,F,50.0,11.0,94102
4172,M,50.0,13.0,98201
4173,M,25.0,15.0,02135
4174,M,25.0,12.0,78660
4175,M,45.0,18.0,77630
4177,F,45.0,3.0,44555
4178,F,50.0,12.0,55391
4180,M,45.0,13.0,77706
4181,M,18.0,0.0,92037
4182,M,25.0,6.0,15146
4183,M,25.0,17.0,53188
4185,F,25.0,14.0,12189
4190,M,25.0,0.0,21555
4191,M,25.0,16.0,55426
4192,M,18.0,4.0,55116
4193,F,1.0,10.0,87123
4194,F,50.0,2.0,33334
4196,M,35.0,14.0,22180
4198,M,25.0,0.0,10580
4199,F,25.0,0.0,55108
4202,M,35.0,6.0,99516
4203,M,25.0,4.0,90069
4205,M,1.0,10.0,99203
4206,F,18.0,4.0,91030
4207,M,45.0,5.0,98502
4208,F,25.0,14.0,55104
4209,F,35.0,0.0,92630
4212,M,25.0,12.0,85226
4213,F,1.0,10.0,29146
4214,M,45.0,14.0,60045
4216,F,25.0,7.0,14136
4217,M,25.0,20.0,41706
4218,M,25.0,1.0,77803
4219,M,25.0,20.0,90046
4220,F,35.0,9.0,30338
4222,M,18.0,12.0,78759
4223,M,35.0,7.0,39652
4225,M,45.0,99.0,97124
4227,M,18.0,14.0,43725
4228,M,35.0,0.0,91505
4230,F,25.0,9.0,49424
4231,F,45.0,12.0,61554
4232,M,45.0,15.0,93555
4233,M,50.0,13.0,94089
4234,F,45.0,7.0,33324
4236,M,25.0,0.0,21532
4237,M,18.0,4.0,94403
4238,M,25.0,12.0,95158
4239,M,35.0,1.0,55454
4240,M,25.0,7.0,77006
4243,M,45.0,1.0,81004
4244,M,18.0,4.0,47306
4245,M,25.0,17.0,38104
4248,M,25.0,12.0,0956456
4249,M,35.0,17.0,22810
4251,F,50.0,7.0,55082
4252,F,35.0,7.0,80122
4254,F,25.0,7.0,85260
4255,F,45.0,3.0,55125
4256,F,25.0,1.0,04210
4257,M,18.0,16.0,94709
4260,F,18.0,12.0,05055
4261,M,50.0,7.0,10805
4263,M,25.0,6.0,77030
4264,F,25.0,5.0,60441
4265,M,25.0,6.0,49707
4266,M,25.0,17.0,55344
4267,M,18.0,1.0,60626
4268,F,25.0,17.0,91007
4269,F,35.0,15.0,53704
4270,M,18.0,4.0,53190
4271,F,25.0,7.0,92117
4273,F,18.0,3.0,32219
4274,M,18.0,18.0,52301
4275,M,18.0,4.0,97850
4277,M,35.0,7.0,15203
4278,M,25.0,16.0,07302
4279,M,35.0,14.0,75005
4280,F,50.0,0.0,04259
4281,M,25.0,7.0,40205
4282,M,25.0,0.0,10016
4283,F,25.0,7.0,94115
4286,M,25.0,0.0,12590
4288,M,1.0,10.0,49544
4289,F,1.0,10.0,02332
4290,F,25.0,12.0,07730
4293,M,50.0,6.0,43402
4294,F,18.0,4.0,02138
4297,M,18.0,1.0,04101
4298,M,18.0,7.0,55337
4299,M,45.0,1.0,33705
4300,F,50.0,17.0,87031
4302,M,45.0,7.0,48170
4303,M,35.0,1.0,44077
4307,M,25.0,12.0,92130
4308,M,25.0,7.0,02840
4309,M,18.0,4.0,90241
4310,M,25.0,0.0,55119
4311,M,18.0,0.0,17844
4312,M,35.0,7.0,78759
4313,F,25.0,2.0,83712
4314,F,18.0,4.0,95132
4315,M,25.0,0.0,11788
4316,M,18.0,6.0,10004
4317,M,18.0,4.0,94118
4318,M,25.0,11.0,60603
4319,F,50.0,20.0,88005
4320,M,25.0,12.0,98102
4322,M,35.0,6.0,50265
4326,M,18.0,0.0,31211
4327,F,50.0,4.0,20902
4329,M,35.0,15.0,83616
4330,F,45.0,1.0,43214
4331,M,18.0,12.0,89118
4332,M,35.0,7.0,55124
4333,F,18.0,4.0,22310
4335,M,18.0,15.0,06114
4336,M,25.0,7.0,60137
4337,M,25.0,17.0,01752
4339,M,45.0,17.0,88005-4313
4341,F,35.0,0.0,94109
4342,M,35.0,7.0,19808
4343,M,50.0,0.0,62234
4344,M,35.0,17.0,22309
4346,M,35.0,1.0,08107
4347,M,35.0,20.0,98106
4348,M,25.0,12.0,00926
4349,F,25.0,7.0,12533
4350,M,56.0,13.0,75703
4352,M,25.0,12.0,19067
4355,F,35.0,17.0,48098
4357,M,50.0,16.0,60302
4358,M,25.0,0.0,45459
4362,M,25.0,1.0,93420-2852
4363,M,50.0,7.0,75023
4364,M,25.0,6.0,70003
4366,M,35.0,17.0,44301
4367,M,25.0,1.0,97405
4368,F,1.0,10.0,55068
4369,F,1.0,10.0,74114
4371,F,56.0,6.0,77005
4374,F,56.0,13.0,90066
4375,M,25.0,17.0,80461
4377,M,45.0,17.0,40031
4379,M,25.0,1.0,94025
4380,M,50.0,13.0,89052
4385,F,35.0,0.0,13064
4387,M,25.0,4.0,43201
4389,F,50.0,13.0,34691
4391,F,35.0,9.0,17055
4392,F,1.0,0.0,24179
4393,M,25.0,0.0,70119
4394,M,25.0,3.0,94123
4395,F,25.0,4.0,96817
4396,F,25.0,7.0,07090
4397,M,25.0,14.0,37127
4398,M,35.0,7.0,90026
4399,F,35.0,9.0,06074
4400,M,1.0,10.0,48073
4401,M,25.0,2.0,91910
4402,M,35.0,7.0,11050
4403,F,25.0,4.0,43201
4405,M,25.0,12.0,55418
4406,M,25.0,14.0,77450
4408,F,45.0,6.0,95209
4409,F,56.0,12.0,90290
4410,F,45.0,1.0,90601
4411,F,35.0,7.0,78704
4412,F,35.0,14.0,39180
4414,M,35.0,7.0,30071
4415,M,25.0,3.0,00918
4416,M,25.0,0.0,10013
4417,M,45.0,12.0,55449
4418,M,56.0,7.0,01040
4420,M,50.0,16.0,73069-5429
4422,M,25.0,0.0,33073
4423,M,45.0,1.0,92407
4426,M,18.0,3.0,55422
4428,M,18.0,12.0,37032
4430,M,45.0,17.0,78750
4432,M,45.0,0.0,97520
4435,M,18.0,4.0,94111
4436,F,25.0,0.0,50613
4437,M,45.0,3.0,04011
4439,F,25.0,1.0,95617
4440,M,50.0,6.0,13210
4441,M,18.0,15.0,96661
4443,F,56.0,13.0,93448
4444,M,25.0,7.0,55311
4445,M,56.0,14.0,55337
4446,M,50.0,17.0,91977
4447,M,18.0,4.0,27514
4449,M,45.0,2.0,19104
4450,M,45.0,11.0,22204
4454,F,25.0,1.0,02453
4456,M,45.0,8.0,21559
4459,M,25.0,17.0,11106
4460,M,45.0,17.0,18036
4462,F,35.0,14.0,45243
4463,M,18.0,4.0,06459
4464,F,45.0,15.0,77040
4465,M,56.0,13.0,37830
4469,M,45.0,11.0,70802
4473,M,25.0,0.0,45237
4474,F,25.0,20.0,94014
4475,M,56.0,1.0,85718
4476,M,50.0,1.0,37932
4477,M,45.0,12.0,01603
4479,F,45.0,1.0,02476
4482,M,25.0,7.0,62522
4485,F,18.0,4.0,95602
4486,F,35.0,12.0,55555
4487,M,25.0,5.0,60010
4488,M,18.0,4.0,11580
4490,M,35.0,0.0,33174
4492,F,50.0,5.0,60181
4493,F,18.0,0.0,48823
4494,F,35.0,1.0,55107
4495,M,50.0,1.0,34683
4496,M,56.0,0.0,32043
4500,F,25.0,9.0,46580
4501,M,25.0,7.0,98115
4502,M,45.0,7.0,02116
4503,F,18.0,4.0,92833
4506,F,25.0,6.0,79416
4507,M,35.0,6.0,20901
4508,M,56.0,7.0,10522
4509,M,25.0,19.0,59602
4512,M,35.0,17.0,82604
4513,M,25.0,0.0,02135
4514,M,18.0,12.0,98225
4515,F,1.0,10.0,55311
4517,M,18.0,4.0,55120
4519,M,56.0,14.0,11779
4520,M,56.0,13.0,44143
4521,M,18.0,19.0,67218
4523,F,18.0,17.0,97070
4524,M,18.0,14.0,26301
4525,M,25.0,7.0,37206
4527,F,45.0,6.0,42420
4528,M,50.0,17.0,14650
4529,M,25.0,0.0,10002
4531,F,45.0,1.0,60417
4533,F,35.0,11.0,15116
4534,M,25.0,99.0,70458
4536,F,35.0,7.0,97401
4537,M,18.0,4.0,33168
4538,F,35.0,7.0,89128
4539,F,25.0,0.0,55110
4546,M,35.0,2.0,55423
4547,M,18.0,4.0,90024
4548,F,25.0,1.0,55417
4549,M,18.0,4.0,32720
4550,M,1.0,4.0,10012
4551,M,18.0,4.0,23233
4552,M,35.0,7.0,31047
4553,M,56.0,13.0,46143
4554,M,25.0,14.0,05448
4556,M,25.0,18.0,14620
4558,M,35.0,1.0,59801
4559,M,18.0,4.0,54902
4560,M,1.0,10.0,63123-1507
4561,M,35.0,2.0,94587
4563,M,45.0,1.0,13214
4564,M,25.0,5.0,98380
4565,M,18.0,4.0,97215
4566,M,1.0,10.0,03756
4567,F,45.0,16.0,55116
4568,M,25.0,4.0,27278
4569,M,45.0,1.0,13114
4571,F,18.0,4.0,48104
4573,F,25.0,4.0,94117
4577,M,25.0,0.0,94930-2010
4578,F,56.0,15.0,97367
4581,M,25.0,0.0,71731
4582,M,35.0,12.0,97132
4583,M,25.0,20.0,64112
4584,M,18.0,17.0,22304
4585,F,25.0,9.0,32212
4586,M,35.0,0.0,90027
4588,F,45.0,14.0,75006
4590,M,25.0,14.0,02142
4591,M,25.0,5.0,97213
4592,M,25.0,2.0,77056
4593,M,45.0,17.0,15204
4595,M,45.0,4.0,77009
4596,M,56.0,16.0,95407
4597,M,18.0,4.0,12309
4598,F,18.0,4.0,64093
4599,M,35.0,2.0,97214
4600,M,18.0,2.0,90025
4603,M,56.0,7.0,39211
4605,M,25.0,6.0,89123
4606,F,50.0,1.0,60089
4608,M,35.0,14.0,91324
4609,M,25.0,11.0,10023
4611,M,25.0,17.0,94538
4613,M,45.0,12.0,90277
4614,M,25.0,0.0,37601
4616,M,50.0,14.0,95129
4617,F,25.0,4.0,77006
4618,M,25.0,0.0,32444
4619,M,18.0,4.0,10027
4620,M,45.0,0.0,27312
4621,M,18.0,12.0,36115
4622,M,50.0,0.0,11947
4624,M,56.0,13.0,72764
4626,F,35.0,0.0,49464
4630,M,25.0,7.0,60015
4631,M,25.0,17.0,11354
4633,M,25.0,2.0,02903
4636,M,35.0,3.0,48827
4638,M,25.0,17.0,94122
4639,M,1.0,0.0,02780
4640,M,35.0,0.0,30030
4644,M,35.0,6.0,33615
4645,M,25.0,12.0,94131
4646,F,50.0,7.0,94611
4649,M,35.0,1.0,90048
4650,F,18.0,14.0,50401
4652,M,45.0,14.0,05602
4653,M,25.0,0.0,96931
4654,M,45.0,17.0,32024
4656,M,18.0,14.0,32825
4657,M,35.0,1.0,53704
4658,M,45.0,0.0,13131
4659,M,35.0,17.0,01890
4661,M,56.0,13.0,37830
4663,F,50.0,17.0,55441
4664,M,35.0,16.0,30034
4665,F,50.0,2.0,22207
4666,M,25.0,17.0,31311
4667,M,50.0,7.0,43081
4669,M,25.0,6.0,94404
4670,M,18.0,12.0,80503
4672,M,35.0,7.0,11747
4673,M,35.0,6.0,19027
4674,M,35.0,6.0,75225
4675,M,18.0,4.0,15213
4676,F,50.0,3.0,55112
4677,F,25.0,3.0,02828
4680,M,18.0,10.0,99016
4681,M,56.0,13.0,02356
4683,F,45.0,1.0,10469
4684,M,56.0,13.0,12570
4685,F,25.0,3.0,17522
4686,M,18.0,4.0,48202
4687,M,25.0,12.0,04106
4688,M,35.0,0.0,83704
4689,M,25.0,14.0,65023
4691,M,25.0,0.0,60611
4692,M,18.0,1.0,95814
4693,M,25.0,1.0,75207
4694,F,25.0,1.0,80020
4695,F,25.0,2.0,11201
4696,M,25.0,15.0,60611
4697,M,35.0,0.0,18360
4701,M,56.0,1.0,48104
4702,M,18.0,4.0,191004
4703,M,35.0,17.0,30024
4705,M,56.0,17.0,92069
4707,M,25.0,17.0,79705
4708,M,45.0,1.0,44406
4709,M,35.0,7.0,77565
4712,F,50.0,6.0,48094
4713,M,35.0,12.0,50325
4715,M,56.0,17.0,49506
4716,M,25.0,2.0,90038
4717,M,50.0,12.0,60148
4718,M,50.0,1.0,13224
4720,M,45.0,17.0,21742
4722,M,25.0,0.0,92346
4725,M,25.0,0.0,94110
4726,M,25.0,7.0,55408
4730,M,50.0,7.0,37931
4731,M,25.0,7.0,60614
4733,F,25.0,7.0,43214
4737,M,18.0,4.0,10027
4738,M,35.0,12.0,10011
4740,F,45.0,0.0,80010
4741,M,25.0,4.0,75206
4742,M,25.0,0.0,47303
4744,M,25.0,4.0,77345
4745,M,18.0,20.0,63132
4746,M,50.0,14.0,13210
4747,M,25.0,1.0,55116
4748,M,18.0,4.0,19081
4749,M,18.0,10.0,02882
4750,M,25.0,7.0,92612
4751,M,18.0,4.0,90024
4753,F,25.0,12.0,53154
4754,M,25.0,7.0,77099
4755,M,45.0,11.0,06416
4756,M,25.0,4.0,55455
4759,F,25.0,0.0,65775
4760,M,45.0,12.0,95051
4761,M,50.0,6.0,53711
4762,M,45.0,20.0,08035
4763,F,56.0,13.0,92308
4767,F,25.0,4.0,90034
4768,F,45.0,9.0,85202
4769,F,18.0,9.0,75801
4770,M,35.0,11.0,43209
4771,M,18.0,9.0,98117
4772,F,25.0,4.0,73160
4774,M,45.0,0.0,60543
4775,M,25.0,20.0,33626
4779,F,35.0,99.0,52405
4782,F,1.0,10.0,19390
4783,F,25.0,3.0,49423
4786,M,45.0,1.0,49419
4787,F,35.0,15.0,43065
4789,M,25.0,4.0,04309
4791,F,35.0,16.0,78222
4794,M,1.0,19.0,92557
4795,M,25.0,14.0,60048
4799,M,25.0,2.0,10003
4801,M,35.0,0.0,14228
4802,M,25.0,0.0,48316-5601
4803,M,25.0,14.0,75093
4804,M,25.0,4.0,45810
4805,M,18.0,4.0,30606
4807,M,18.0,4.0,15321
4808,M,56.0,13.0,92675
4809,M,25.0,20.0,11717
4812,M,1.0,17.0,56258
4813,M,25.0,7.0,11215
4816,M,1.0,10.0,81301
4817,M,45.0,16.0,55076
4818,F,56.0,1.0,11795
4821,F,18.0,4.0,14850
4822,F,18.0,4.0,63109
4824,M,18.0,4.0,67217
4825,M,18.0,20.0,67212
4826,M,35.0,7.0,06430
4827,M,35.0,7.0,07981
4829,M,35.0,0.0,14086
4830,F,25.0,17.0,80003
4831,M,56.0,20.0,95123
4832,M,25.0,7.0,92109
4833,M,1.0,10.0,43357
4834,M,45.0,11.0,94114
4838,M,1.0,10.0,45244
4839,M,25.0,0.0,45245
4841,M,35.0,16.0,61600
4842,M,45.0,16.0,93448
4843,F,45.0,2.0,21212
4844,M,50.0,0.0,76067
4845,M,45.0,2.0,10920
4851,M,35.0,1.0,48906
4853,M,18.0,20.0,92055
4854,F,18.0,4.0,90630
4856,F,1.0,10.0,48105
4858,M,50.0,3.0,48843
4859,F,25.0,1.0,78734
4860,M,25.0,17.0,79925
4861,M,25.0,17.0,32308
4862,M,18.0,4.0,80631
4863,M,25.0,5.0,80916
4865,M,25.0,12.0,10036
4866,M,35.0,13.0,89128
4868,M,25.0,7.0,02420
4869,M,25.0,0.0,60090
4870,F,35.0,9.0,10021
4871,F,35.0,0.0,02138
4872,M,18.0,0.0,87122
4873,M,25.0,17.0,36092
4874,F,25.0,16.0,28120
4875,F,25.0,3.0,92831
4876,M,18.0,4.0,55104
4877,M,25.0,16.0,97401
4878,M,18.0,12.0,84041
4879,F,25.0,1.0,22307
4880,M,25.0,12.0,53045
4883,F,56.0,1.0,96734
4884,F,50.0,6.0,48103-4711
4885,F,25.0,1.0,10025
4886,M,25.0,4.0,40504
4888,F,25.0,4.0,72801
4889,F,35.0,2.0,11218
4890,M,25.0,4.0,70115
4891,M,25.0,14.0,94110
4892,M,18.0,4.0,48135
4894,M,25.0,17.0,62629
4895,M,18.0,4.0,94305
4897,M,35.0,3.0,45215
4898,F,25.0,0.0,60622
4899,M,18.0,2.0,02322
4900,M,1.0,10.0,60462
4903,F,18.0,4.0,95008
4904,M,45.0,17.0,85202
4905,M,18.0,17.0,78758
4906,M,45.0,12.0,53718
4912,M,18.0,4.0,22906
4913,M,35.0,0.0,02115
4914,M,35.0,7.0,77040
4915,M,56.0,1.0,37922
4917,M,50.0,17.0,01536
4918,M,45.0,17.0,02067
4920,M,25.0,15.0,94121
4921,M,35.0,7.0,75229
4924,M,18.0,18.0,21740
4925,F,25.0,14.0,37076
4926,M,25.0,1.0,04086
4927,M,45.0,6.0,22630
4928,F,35.0,6.0,94214
4929,M,56.0,17.0,55104
4930,M,25.0,12.0,94618
4932,F,25.0,0.0,44107
4933,M,35.0,14.0,89113
4934,M,18.0,4.0,85701
4935,M,56.0,16.0,55901
4936,M,56.0,17.0,53705
4938,M,35.0,17.0,37815
4939,M,25.0,1.0,96930
4940,M,50.0,16.0,65401
4941,F,35.0,19.0,32095
4942,M,25.0,12.0,84062
4947,M,25.0,20.0,22936
4948,M,18.0,4.0,02143
4949,M,45.0,7.0,19067
4950,M,1.0,10.0,11102
4951,M,35.0,12.0,95124
4954,F,45.0,3.0,75605
4955,M,25.0,6.0,19342
4957,M,25.0,3.0,07661
4959,F,18.0,99.0,66044
4960,M,18.0,4.0,22401
4961,F,35.0,7.0,94306
4965,M,35.0,14.0,95822
4966,F,25.0,5.0,91773
4967,F,35.0,16.0,48237
4969,F,25.0,4.0,90034
4970,F,35.0,7.0,94602
4971,M,25.0,0.0,95136
4972,F,18.0,4.0,96803
4973,M,25.0,17.0,23462
4974,F,18.0,4.0,10708
4975,M,45.0,2.0,94306
4976,M,18.0,10.0,55421
4978,M,18.0,2.0,90038
4979,M,35.0,17.0,11355
4980,M,50.0,5.0,95401
4981,F,1.0,7.0,20852
4982,M,25.0,12.0,98037
4983,M,25.0,6.0,81007
4984,M,25.0,1.0,60657
4985,F,45.0,2.0,20036
4987,M,35.0,0.0,20715
4988,M,45.0,14.0,37343
4989,M,25.0,12.0,94043
4990,F,56.0,0.0,98115
4991,F,1.0,2.0,60660
4993,M,25.0,15.0,80301
4994,M,18.0,4.0,34567
4995,M,35.0,11.0,94061
4997,F,35.0,9.0,07452
4999,M,35.0,11.0,70118
5001,M,50.0,13.0,01938
5002,M,25.0,17.0,55410
5003,M,18.0,10.0,67206
5006,M,25.0,7.0,90078
5007,M,50.0,0.0,98826
5008,M,45.0,16.0,01612
5009,M,25.0,17.0,94110
5010,F,25.0,9.0,66212
5011,M,25.0,4.0,08540
5012,M,25.0,0.0,20744-6223
5013,M,35.0,7.0,19149
5015,F,18.0,2.0,55408
5016,M,25.0,5.0,33025
5017,M,35.0,11.0,32082
5018,M,25.0,12.0,27511
5020,M,18.0,20.0,90028
5021,M,35.0,7.0,60510
5023,M,25.0,0.0,96671
5024,M,25.0,7.0,21117
5025,M,45.0,7.0,01581
5028,M,25.0,0.0,60610
5029,F,25.0,0.0,27713
5032,M,25.0,7.0,55436
5033,M,35.0,17.0,06110
5034,M,50.0,7.0,37938
5035,M,35.0,1.0,55406
5036,M,25.0,0.0,10006
5037,M,25.0,15.0,94538
5038,M,50.0,1.0,01778
5039,F,25.0,0.0,94402
5041,F,25.0,3.0,98626
5043,M,35.0,20.0,55407
5045,M,18.0,4.0,32601
5047,M,45.0,0.0,03060
5049,M,50.0,6.0,13035
5051,M,18.0,4.0,07030
5052,F,35.0,9.0,53806
5053,F,25.0,20.0,45409
5054,M,35.0,17.0,55407
5055,M,25.0,8.0,85203
5056,M,35.0,7.0,10011
5057,M,25.0,4.0,89193
5059,F,18.0,0.0,08540
5063,M,25.0,20.0,10012
5064,M,35.0,7.0,10011
5065,M,56.0,17.0,97146
5066,M,35.0,6.0,18249
5067,F,56.0,13.0,37931
5068,M,35.0,7.0,80221
5069,F,50.0,2.0,48118
5070,M,45.0,1.0,49419
5071,F,50.0,2.0,10025
5073,M,35.0,18.0,27603
5076,M,18.0,12.0,60622
5077,M,45.0,7.0,92831
5078,M,50.0,0.0,29678
5079,M,45.0,7.0,01531
5080,F,25.0,0.0,28134
5081,M,35.0,16.0,79605
5082,M,25.0,15.0,94065
5083,F,18.0,4.0,73070
5085,M,1.0,10.0,08534
5088,M,35.0,15.0,85282
5089,F,35.0,14.0,01536
5091,M,25.0,4.0,22903
5092,M,18.0,17.0,10804
5093,M,35.0,6.0,20650
5094,M,35.0,12.0,98166
5095,M,35.0,1.0,55104
5097,F,35.0,12.0,48109
5098,F,18.0,4.0,90039
5100,F,25.0,6.0,74105
5102,M,25.0,0.0,95826
5103,F,25.0,3.0,79411
5104,M,50.0,6.0,44333
5106,M,18.0,0.0,10705
5108,M,35.0,7.0,53150
5110,M,56.0,13.0,49423
5112,M,56.0,6.0,91011
5115,M,35.0,12.0,92821
5117,M,35.0,7.0,98144
5118,F,35.0,7.0,10024
5119,M,18.0,2.0,74403
5121,F,50.0,14.0,08810
5122,M,25.0,0.0,31605
5123,F,35.0,6.0,76021
5127,M,25.0,17.0,85210
5128,M,25.0,0.0,92019
5129,M,35.0,2.0,95602
5130,M,25.0,17.0,90031
5131,M,50.0,7.0,19047
5132,F,45.0,1.0,92100
5133,M,56.0,20.0,78731
5134,M,18.0,4.0,94720
5137,M,35.0,1.0,91711
5138,M,35.0,0.0,95667
5139,M,1.0,1.0,30707
5140,F,50.0,16.0,48706
5144,M,35.0,12.0,22201
5147,F,35.0,20.0,92009
5148,M,50.0,6.0,22039
5149,M,25.0,5.0,10011
5153,F,35.0,1.0,89431
5154,M,18.0,4.0,42101
5156,F,56.0,6.0,01852
5158,F,35.0,14.0,10028
5159,M,18.0,19.0,30662
5160,M,25.0,7.0,55408
5162,M,25.0,11.0,55408
5166,F,25.0,3.0,30308
5167,M,18.0,17.0,40207
5169,M,35.0,16.0,66046
5170,M,18.0,4.0,02138
5174,M,25.0,4.0,48072
5175,M,35.0,20.0,52570-9634
5177,M,18.0,1.0,45458
5178,M,18.0,4.0,99163
5180,M,18.0,4.0,44312
5183,M,18.0,10.0,60148
5184,M,50.0,7.0,48152
5185,M,56.0,0.0,90049
5186,M,18.0,4.0,04901
5188,M,35.0,1.0,10016
5189,M,25.0,0.0,37923-3112
5191,M,35.0,7.0,80129
5193,F,35.0,1.0,89447
5194,M,25.0,18.0,55412
5197,M,35.0,20.0,90292
5199,F,56.0,9.0,46911
5200,F,50.0,1.0,94550
5201,M,35.0,17.0,36830
5207,F,25.0,11.0,02111
5209,M,25.0,1.0,92116
5210,M,25.0,16.0,94120
5211,M,18.0,3.0,98122
5212,M,25.0,11.0,75206
5213,M,18.0,4.0,55128
5214,M,25.0,4.0,92614
5215,M,45.0,11.0,01772
5216,M,35.0,14.0,10013
5219,M,25.0,17.0,30307
5221,M,45.0,7.0,43065
5223,F,25.0,16.0,02465
5224,M,25.0,11.0,76309
5225,M,25.0,12.0,10002
5226,M,25.0,1.0,02146
5227,F,35.0,3.0,48237
5228,M,35.0,0.0,55418
5229,M,25.0,17.0,89103
5233,F,25.0,4.0,02215
5234,M,35.0,17.0,55330
5236,F,35.0,1.0,22947
5238,F,25.0,5.0,92705
5239,M,1.0,14.0,80401
5242,M,56.0,16.0,95816
5244,F,56.0,9.0,85749
5245,M,56.0,1.0,19026
5248,M,35.0,7.0,94550
5249,F,25.0,1.0,94044
5250,M,18.0,0.0,54901
5254,M,18.0,2.0,13317
5255,M,50.0,6.0,92117
5256,F,50.0,2.0,22181
5258,M,45.0,7.0,55115
5259,M,56.0,1.0,14068
5260,M,25.0,18.0,26104
5262,M,25.0,15.0,92111
5266,M,25.0,7.0,10011
5267,M,25.0,0.0,10469
5268,M,25.0,12.0,02144
5269,M,56.0,8.0,00606
5271,F,18.0,4.0,88119
5274,M,35.0,1.0,01020
5275,M,56.0,13.0,94306
5277,F,35.0,0.0,49504
5278,F,45.0,16.0,14424
5280,M,25.0,17.0,60659
5281,F,45.0,16.0,04074
5282,M,25.0,1.0,29440
5284,F,25.0,2.0,94609
5285,M,45.0,20.0,94121
5287,F,35.0,17.0,89507
5288,M,45.0,12.0,94103
5289,F,45.0,3.0,94560
5290,M,25.0,11.0,55426
5292,M,50.0,0.0,94043
5293,M,35.0,7.0,33407
5294,F,18.0,0.0,47901
5295,M,35.0,20.0,30306
5296,F,25.0,6.0,74105
5297,M,45.0,17.0,32256
5298,M,25.0,7.0,90069
5299,F,25.0,17.0,33990
5301,M,25.0,11.0,02169
5303,M,50.0,17.0,55117
5305,M,56.0,13.0,33445
5306,M,25.0,14.0,10021
5307,M,25.0,0.0,53213
5309,M,18.0,19.0,87543
5310,M,1.0,10.0,80540
5311,M,25.0,1.0,60613
5313,F,56.0,6.0,77018
5314,M,25.0,4.0,02430
5315,M,18.0,20.0,85296
5316,M,45.0,12.0,92122
5318,F,45.0,1.0,97361
5319,M,18.0,11.0,45220
5320,M,18.0,11.0,53705
5322,M,50.0,15.0,94303
5323,F,25.0,15.0,27603
5324,F,18.0,10.0,13090
5325,F,50.0,16.0,90272
5326,M,18.0,4.0,67042
5328,M,25.0,4.0,91325
5330,F,45.0,7.0,52003
5331,M,50.0,20.0,55419
5332,M,1.0,10.0,60423
5333,M,18.0,18.0,65265
5334,M,25.0,17.0,95014
5335,M,25.0,17.0,28052
5336,M,18.0,7.0,99945
5337,M,25.0,17.0,75075
5338,M,35.0,17.0,06074
5340,M,25.0,6.0,37930
5341,M,18.0,4.0,16802
5344,F,50.0,6.0,30307
5345,M,35.0,0.0,97212
5346,M,18.0,0.0,10009
5347,M,35.0,1.0,90024
5348,M,45.0,17.0,32837
5350,M,50.0,1.0,91403
5352,M,18.0,4.0,32607
5353,M,1.0,10.0,49454
5354,M,18.0,12.0,02215
5356,M,18.0,17.0,95121
5359,M,25.0,2.0,10013
5360,M,50.0,15.0,55126
5361,M,35.0,1.0,74012
5362,F,18.0,4.0,44243
5363,M,35.0,6.0,37853
5364,M,25.0,12.0,55303
5365,M,25.0,7.0,12801
5366,F,45.0,6.0,37909
5367,M,18.0,4.0,15217
5368,M,25.0,0.0,60657
5369,M,50.0,16.0,90027
5370,M,50.0,13.0,98683
5371,M,45.0,18.0,55313
5372,M,25.0,2.0,90401
5375,F,25.0,12.0,97119
5376,M,35.0,12.0,94538
5379,M,18.0,4.0,47406
5380,F,35.0,5.0,94546
5381,M,25.0,2.0,08817
5382,M,35.0,1.0,55117
5385,F,25.0,1.0,02148
5387,M,50.0,7.0,26501
5388,F,25.0,1.0,23454
5390,M,25.0,2.0,97205
5391,F,25.0,15.0,02445
5392,M,25.0,11.0,65775
5393,M,25.0,11.0,10024
5394,F,18.0,2.0,95008
5395,F,45.0,0.0,37922
5396,M,25.0,2.0,10025
5397,M,18.0,4.0,23112
5401,F,50.0,6.0,85016
5403,M,25.0,4.0,78705
5404,M,45.0,12.0,80303
5405,M,50.0,6.0,11746
5406,M,25.0,16.0,71118
5408,M,25.0,3.0,48220
5409,M,50.0,7.0,38135
5412,F,35.0,2.0,35229
5413,M,35.0,7.0,80910
5415,F,25.0,3.0,98501
5417,M,25.0,4.0,78703
5418,F,35.0,7.0,55116
5420,M,25.0,0.0,20015
5421,F,45.0,9.0,43147
5422,M,35.0,7.0,78705
5427,F,45.0,1.0,27615
5428,M,45.0,7.0,01605
5429,M,25.0,0.0,11215
5431,M,25.0,12.0,98684
5432,M,35.0,5.0,91343
5434,M,25.0,17.0,28262
5436,M,35.0,20.0,60640
5437,M,45.0,17.0,18049
5438,M,35.0,7.0,19901
5439,M,25.0,12.0,06511
5440,F,50.0,1.0,98177
5441,M,35.0,1.0,56082
5442,M,56.0,14.0,96744
5443,M,35.0,17.0,92618
5444,M,25.0,7.0,19380
5445,F,35.0,99.0,02130
5446,F,25.0,6.0,06114
5447,M,18.0,0.0,53715
5448,F,35.0,7.0,92075
5449,M,25.0,4.0,43402
5450,M,50.0,12.0,06082
5453,M,45.0,17.0,84109-2001
5454,F,18.0,4.0,15116
5455,F,18.0,4.0,92612
5456,F,45.0,9.0,57108
5457,M,18.0,4.0,77005
5458,M,25.0,7.0,53715
5460,M,25.0,17.0,01060
5462,M,18.0,12.0,77084
5463,M,25.0,17.0,02139
5464,F,18.0,14.0,10018
5465,M,56.0,13.0,14843
5466,F,45.0,7.0,01602
5467,M,50.0,7.0,48315
5470,F,18.0,4.0,55112
5472,M,18.0,20.0,30033
5474,M,50.0,6.0,94702
5475,M,45.0,17.0,98052
5476,M,56.0,0.0,48186
5477,M,25.0,7.0,95616
5478,M,25.0,7.0,91608
5484,M,35.0,0.0,98122
5485,M,25.0,1.0,70803
5486,F,18.0,0.0,43615
5488,F,18.0,4.0,23185
5489,F,56.0,13.0,60506
5490,M,25.0,3.0,02494
5491,F,25.0,17.0,80301
5493,M,56.0,13.0,94025
5495,F,35.0,2.0,91324
5496,M,25.0,0.0,92646
5498,M,35.0,11.0,10022
5500,M,35.0,12.0,15089
5501,F,56.0,13.0,02838
5502,M,25.0,15.0,08109
5504,F,18.0,20.0,77304
5505,M,25.0,14.0,19312
5507,M,35.0,7.0,48306
5508,M,25.0,7.0,38261
5509,M,35.0,0.0,45242
5512,M,50.0,1.0,77706
5513,F,35.0,3.0,20110
5514,F,45.0,20.0,02476
5515,M,35.0,20.0,46614
5516,M,1.0,10.0,59801
5517,F,25.0,17.0,94613
5519,F,56.0,16.0,55345
5520,F,18.0,19.0,05070
5522,F,35.0,9.0,95903
5523,M,50.0,1.0,04240
5524,M,18.0,4.0,29201
5527,M,25.0,0.0,43614
5528,M,25.0,19.0,31401
5530,M,56.0,0.0,45432
5532,F,25.0,3.0,55102
5536,F,1.0,10.0,01607
5537,F,25.0,0.0,04101
5539,M,18.0,3.0,78722
5540,F,45.0,6.0,54401
5541,F,35.0,0.0,78253
5542,F,25.0,1.0,98144
5543,M,25.0,0.0,30082
5544,M,56.0,0.0,55108
5545,M,35.0,0.0,30533
5546,F,50.0,20.0,98115
5547,M,50.0,7.0,55110
5550,M,25.0,4.0,16803
5552,M,25.0,12.0,91423
5554,M,56.0,12.0,92780
5556,F,35.0,3.0,02725-1010
5557,M,45.0,1.0,50011
5559,M,35.0,12.0,27614
5560,M,25.0,16.0,07701
5561,M,25.0,12.0,55042
5565,M,45.0,12.0,55117
5568,M,25.0,12.0,78759
5569,M,35.0,0.0,43081
5570,M,25.0,2.0,55372
5573,M,18.0,1.0,70006
5574,M,45.0,1.0,97405
5575,F,35.0,1.0,74135
5576,M,35.0,17.0,66209
5577,F,18.0,0.0,60641
5578,F,18.0,4.0,53211
5579,M,18.0,12.0,98133
5581,M,45.0,1.0,52001
5582,M,56.0,14.0,02632
5584,F,35.0,2.0,49770
5585,M,25.0,11.0,27106
5586,M,18.0,4.0,90048
5588,M,18.0,4.0,91006
5589,F,18.0,4.0,55105
5591,F,35.0,7.0,75601
5592,M,25.0,17.0,19810
5594,M,25.0,15.0,55117
5596,M,45.0,14.0,07704
5597,F,50.0,7.0,94123
5598,M,18.0,12.0,55122
5600,F,50.0,0.0,55401
5601,M,25.0,19.0,94122
5602,M,1.0,19.0,03226
5603,M,35.0,0.0,94110
5604,M,18.0,4.0,43402
5606,F,35.0,0.0,90278
5608,F,35.0,99.0,91324
5609,M,25.0,2.0,43551
5612,F,18.0,20.0,60194
5613,F,18.0,4.0,45219
5614,M,35.0,7.0,64055
5616,F,35.0,3.0,50322
5617,M,56.0,13.0,19312
5618,F,18.0,4.0,94309
5620,M,35.0,17.0,06074
5621,M,25.0,7.0,97267
5622,F,50.0,0.0,95616
5625,F,18.0,4.0,13148
5626,F,50.0,1.0,62221
5629,M,25.0,15.0,06460
5630,M,35.0,7.0,95476
5631,M,18.0,18.0,90605
5632,M,25.0,14.0,77075
5633,M,45.0,13.0,52761
5638,M,25.0,4.0,78705
5640,F,35.0,2.0,94930
5641,M,50.0,7.0,02420
5642,M,35.0,20.0,45236
5643,M,25.0,17.0,92084
5644,M,56.0,7.0,10954
5646,M,35.0,12.0,80206
5647,F,35.0,0.0,98117
5650,M,25.0,15.0,12345
5652,F,18.0,0.0,20008
5654,F,50.0,7.0,91362
5658,M,50.0,1.0,19087-3622
5659,F,18.0,4.0,78209
5661,M,25.0,15.0,02139
5662,F,18.0,14.0,22201
5663,M,35.0,6.0,48439
5664,F,1.0,10.0,98103
5665,M,35.0,0.0,48103
5666,M,25.0,12.0,55433
5669,M,45.0,2.0,90631
5670,M,35.0,14.0,91364
5671,M,25.0,12.0,03060
5673,F,45.0,6.0,85719
5674,M,25.0,1.0,77064
5677,M,25.0,20.0,92866
5678,F,18.0,4.0,27708
5679,M,1.0,10.0,76240
5680,M,25.0,6.0,94127
5683,M,25.0,20.0,91505
5684,M,25.0,4.0,22030
5687,M,50.0,13.0,91977
5690,M,56.0,20.0,44281
5691,F,50.0,1.0,02324
5692,M,35.0,9.0,67208
5694,F,18.0,0.0,91765
5696,F,25.0,7.0,12345
5698,M,25.0,12.0,01915
5699,M,56.0,13.0,29928
5700,F,1.0,10.0,53704
5701,M,25.0,7.0,94117
5702,M,50.0,1.0,74105
5703,M,35.0,17.0,62958
5704,M,25.0,16.0,95437
5705,M,18.0,4.0,61801
5707,M,25.0,19.0,90214
5708,F,18.0,19.0,33953
5709,F,35.0,1.0,91106
5710,M,1.0,10.0,15208
5711,F,18.0,1.0,07666
5715,M,25.0,17.0,61265
5716,F,35.0,1.0,02155
5724,M,35.0,7.0,91304
5725,M,45.0,16.0,60126
5726,M,50.0,13.0,77459
5728,F,35.0,9.0,44406
5730,M,56.0,1.0,23513
5732,F,18.0,20.0,06320
5735,M,25.0,16.0,47901
5736,M,25.0,7.0,60607
5737,M,25.0,12.0,94110
5738,M,45.0,6.0,52556
5739,F,35.0,7.0,60625
5740,M,25.0,4.0,93940
5742,M,25.0,12.0,98117
5743,F,25.0,0.0,70118
5744,M,50.0,1.0,98262
5745,M,18.0,1.0,14620
5748,M,25.0,6.0,89118
5750,M,25.0,7.0,90248
5751,M,25.0,17.0,94043
5752,M,56.0,13.0,75165
5754,F,25.0,14.0,55408
5755,F,1.0,10.0,50246
5757,M,56.0,13.0,90740
5759,M,1.0,10.0,94707
5760,M,25.0,3.0,91221
5761,F,50.0,1.0,62052
5763,M,56.0,20.0,46804
5764,M,35.0,3.0,94109
5766,F,25.0,0.0,19355
5771,M,25.0,12.0,98133
5774,M,25.0,7.0,91403
5776,M,50.0,7.0,55105
5778,M,25.0,3.0,22601
5779,M,18.0,17.0,66044
5781,M,25.0,7.0,80303
5783,F,25.0,4.0,32607
5784,M,25.0,0.0,96818
5785,M,25.0,17.0,60611
5786,M,18.0,4.0,77005
5787,M,18.0,17.0,02114
5790,F,18.0,1.0,48067
5793,M,50.0,16.0,10025
5795,M,25.0,4.0,19713
5796,M,25.0,0.0,10016
5797,M,18.0,17.0,72703
5798,M,25.0,0.0,66605
5800,F,25.0,6.0,55417
5801,M,25.0,17.0,55446
5802,M,50.0,6.0,55115
5803,F,56.0,2.0,95448
5804,M,45.0,16.0,10962
5807,M,50.0,16.0,11963
5809,M,25.0,20.0,98033
5810,M,35.0,14.0,60657
5811,M,35.0,1.0,91768
5812,M,50.0,20.0,30030
5813,M,35.0,0.0,62704
5815,M,18.0,1.0,44221
5816,M,45.0,7.0,77351
5818,F,25.0,0.0,07026
5819,F,35.0,0.0,33607
5820,F,18.0,2.0,14616
5821,M,35.0,17.0,30145
5822,M,35.0,17.0,94010
5824,M,35.0,20.0,94574
5829,M,1.0,0.0,48302
5830,M,50.0,17.0,54409
5834,M,35.0,20.0,94506
5836,M,25.0,4.0,08544
5838,F,45.0,14.0,46804
5839,M,25.0,17.0,20866
5840,M,35.0,0.0,53202
5842,M,50.0,7.0,95020
5843,F,50.0,6.0,85716
5845,M,45.0,5.0,32953
5847,M,50.0,18.0,20706
5848,M,25.0,14.0,17857
5850,F,50.0,9.0,59072
5852,F,35.0,6.0,27516
5854,F,25.0,9.0,41075
5855,F,18.0,4.0,63109
5857,M,18.0,10.0,98058
5858,M,25.0,0.0,30096
5859,M,1.0,14.0,19147
5861,M,45.0,7.0,91766
5862,M,25.0,1.0,14608
5863,M,35.0,17.0,55126
5864,F,35.0,3.0,11725
5866,M,1.0,10.0,11803
5867,F,56.0,1.0,20815
5868,M,56.0,18.0,56716
5869,F,35.0,5.0,55306
5873,M,25.0,12.0,55317
5874,F,18.0,0.0,45123
5875,F,25.0,0.0,30102
5878,M,18.0,1.0,50310
5880,M,1.0,10.0,60423
5881,M,18.0,4.0,94608
5882,M,25.0,20.0,90046
5883,M,35.0,0.0,94559
5886,M,25.0,17.0,61614
5887,F,25.0,0.0,97213
5889,M,35.0,7.0,04096
5891,M,18.0,0.0,98021
5892,M,50.0,7.0,84093
5893,M,25.0,0.0,03766
5895,M,18.0,4.0,13323
5898,F,25.0,5.0,27203
5899,M,25.0,6.0,33156
5900,M,1.0,10.0,79358
5902,M,35.0,7.0,66224
5903,M,25.0,2.0,98502
5904,F,25.0,14.0,11215
5905,M,25.0,1.0,92120
5906,M,18.0,4.0,18042
5909,M,35.0,20.0,10036
5910,M,35.0,17.0,55432
5912,M,35.0,7.0,07650
5913,F,56.0,0.0,14850
5914,M,45.0,0.0,74354
5915,M,18.0,1.0,94706
5917,M,50.0,17.0,01702-7224
5919,M,45.0,17.0,48073
5920,M,25.0,0.0,45678
5921,M,25.0,1.0,54601
5922,M,35.0,3.0,55104
5923,M,56.0,17.0,55117
5924,M,25.0,17.0,32618
5925,M,45.0,20.0,10021
5929,M,25.0,0.0,06810
5930,M,56.0,20.0,95420
5931,M,25.0,14.0,72601
5933,F,56.0,1.0,60605
5934,M,25.0,5.0,89114
5935,F,25.0,6.0,32256
5936,M,18.0,4.0,48109
5937,F,50.0,6.0,15333
5938,F,25.0,14.0,55418
5939,F,45.0,15.0,60081
5940,F,18.0,4.0,02138
5941,M,25.0,12.0,45140
5942,M,56.0,6.0,33030
5943,M,25.0,1.0,13210
5944,M,25.0,16.0,04103
5945,F,45.0,14.0,36109
5946,M,35.0,18.0,44708
5948,M,25.0,4.0,92037
5949,F,45.0,0.0,02115
5950,M,45.0,16.0,80304
5952,M,18.0,4.0,11010
5953,F,50.0,4.0,53562
5954,M,25.0,0.0,89145
5955,F,50.0,1.0,55413
5956,M,18.0,19.0,98502
5958,M,18.0,4.0,64468
5962,M,45.0,7.0,55438
5963,M,35.0,19.0,01054
5967,M,1.0,10.0,97402
5971,F,45.0,0.0,12833-2000
5972,M,25.0,14.0,91214
5975,F,50.0,6.0,33436
5976,F,35.0,20.0,10013
5977,M,45.0,2.0,60626
5979,M,35.0,20.0,48067
5980,F,25.0,6.0,72703
5982,M,45.0,17.0,93401
5983,M,18.0,4.0,90601
5985,M,18.0,4.0,16803
5987,F,25.0,15.0,62901
5988,M,50.0,11.0,25302
5989,M,50.0,15.0,12740
5990,F,35.0,2.0,98119
5991,M,45.0,0.0,33759
5992,M,56.0,0.0,37363
5993,F,56.0,13.0,55104
5996,M,18.0,20.0,48135
5997,F,18.0,4.0,76707
5998,F,35.0,1.0,98026
6001,F,25.0,4.0,46807
6002,F,45.0,1.0,96778
6003,M,35.0,7.0,53404
6004,M,35.0,17.0,95125
6005,M,18.0,5.0,97202
6006,M,25.0,2.0,87123
6007,M,35.0,0.0,85621
6008,F,25.0,1.0,08904
6009,M,25.0,7.0,06851
6010,M,18.0,4.0,02452
6011,M,18.0,4.0,94708
6012,M,18.0,4.0,02148
6014,M,18.0,5.0,55414
6016,M,18.0,4.0,93560
6017,M,35.0,0.0,75023
6018,M,35.0,17.0,45380
6019,M,18.0,0.0,46517
6020,F,25.0,1.0,68503
6022,M,35.0,7.0,70116
6023,F,50.0,1.0,65203
6024,M,1.0,0.0,20132
6025,M,25.0,15.0,53704
6027,F,25.0,0.0,19107
6029,M,35.0,7.0,14850
6030,M,35.0,7.0,75214
6033,M,35.0,3.0,46033
6034,F,25.0,6.0,77054
6035,M,25.0,7.0,18655
6036,M,45.0,0.0,61821
6039,M,35.0,14.0,92075
6040,M,25.0,6.0,68131
